{
 "args": {
  "alg": "faco",
  "ants": 512,
  "backup list size": 64,
  "beta": 1.0,
  "cand list size": 16,
  "gbest as source prob": 0.01,
  "id": "default",
  "iterations": 5000,
  "local search": 1,
  "ls cand list size": 20,
  "min new edges": 8,
  "p best": 0.1,
  "picture": true,
  "problem": "instances/d15112.tsp",
  "repeat": 1,
  "results dir": "results",
  "rho": 0.5,
  "seed": 19115338,
  "threads": 0
 },
 "executions": [
  {
   "best sol cost iterations": [
    0,
    1,
    2,
    3,
    4,
    5,
    6,
    7,
    8,
    9,
    10,
    11,
    12,
    13,
    14,
    15,
    16,
    17,
    18,
    19,
    20,
    21,
    22,
    23,
    24,
    25,
    26,
    27,
    28,
    29,
    30,
    31,
    32,
    33,
    34,
    35,
    36,
    37,
    38,
    39,
    40,
    41,
    42,
    43,
    44,
    45,
    46,
    47,
    48,
    49,
    50,
    51,
    52,
    53,
    54,
    55,
    56,
    57,
    58,
    59,
    60,
    61,
    62,
    63,
    64,
    65,
    66,
    67,
    68,
    69,
    70,
    71,
    72,
    73,
    74,
    75,
    76,
    77,
    78,
    79,
    80,
    81,
    82,
    83,
    84,
    85,
    86,
    87,
    88,
    89,
    90,
    91,
    92,
    93,
    94,
    95,
    96,
    97,
    98,
    99,
    100,
    101,
    102,
    103,
    104,
    105,
    106,
    107,
    108,
    109,
    110,
    111,
    112,
    113,
    114,
    115,
    116,
    117,
    118,
    119,
    120,
    121,
    122,
    123,
    124,
    125,
    126,
    127,
    128,
    129,
    130,
    131,
    132,
    133,
    134,
    135,
    136,
    137,
    138,
    139,
    140,
    141,
    142,
    143,
    144,
    145,
    146,
    147,
    148,
    149,
    150,
    151,
    152,
    153,
    154,
    155,
    156,
    157,
    158,
    159,
    160,
    161,
    162,
    163,
    164,
    165,
    166,
    167,
    168,
    169,
    170,
    171,
    172,
    173,
    174,
    175,
    176,
    177,
    178,
    179,
    180,
    181,
    182,
    183,
    184,
    185,
    186,
    187,
    188,
    189,
    190,
    191,
    192,
    193,
    194,
    195,
    196,
    197,
    198,
    199,
    200,
    201,
    202,
    203,
    204,
    205,
    206,
    207,
    208,
    209,
    210,
    211,
    212,
    213,
    214,
    215,
    216,
    217,
    218,
    219,
    220,
    221,
    222,
    223,
    224,
    225,
    226,
    227,
    228,
    229,
    230,
    231,
    232,
    233,
    234,
    235,
    236,
    237,
    238,
    239,
    240,
    241,
    242,
    243,
    244,
    245,
    246,
    247,
    248,
    249,
    250,
    251,
    252,
    253,
    254,
    255,
    256,
    257,
    258,
    259,
    260,
    261,
    262,
    263,
    264,
    265,
    266,
    267,
    268,
    269,
    270,
    271,
    272,
    273,
    274,
    275,
    276,
    277,
    278,
    279,
    280,
    281,
    282,
    283,
    284,
    285,
    286,
    287,
    288,
    289,
    290,
    291,
    292,
    293,
    294,
    295,
    296,
    297,
    298,
    299,
    300,
    301,
    302,
    303,
    304,
    305,
    306,
    307,
    308,
    309,
    310,
    311,
    312,
    313,
    314,
    315,
    316,
    317,
    318,
    319,
    320,
    321,
    322,
    323,
    324,
    325,
    326,
    327,
    328,
    329,
    330,
    331,
    332,
    333,
    334,
    335,
    336,
    337,
    338,
    339,
    340,
    341,
    342,
    343,
    344,
    345,
    346,
    347,
    348,
    349,
    350,
    351,
    352,
    353,
    354,
    355,
    356,
    357,
    358,
    359,
    360,
    361,
    362,
    363,
    364,
    365,
    366,
    367,
    368,
    369,
    370,
    371,
    372,
    373,
    374,
    375,
    376,
    377,
    378,
    379,
    380,
    381,
    382,
    383,
    384,
    385,
    386,
    387,
    388,
    389,
    390,
    391,
    392,
    393,
    394,
    395,
    396,
    397,
    399,
    400,
    401,
    402,
    403,
    404,
    405,
    406,
    407,
    408,
    409,
    410,
    411,
    412,
    413,
    414,
    415,
    416,
    418,
    419,
    420,
    421,
    422,
    423,
    424,
    425,
    426,
    427,
    428,
    429,
    430,
    431,
    432,
    433,
    434,
    435,
    436,
    437,
    438,
    439,
    440,
    441,
    442,
    443,
    444,
    445,
    446,
    447,
    448,
    449,
    450,
    451,
    452,
    453,
    454,
    455,
    456,
    457,
    459,
    460,
    461,
    462,
    463,
    464,
    465,
    466,
    467,
    468,
    469,
    470,
    471,
    472,
    473,
    474,
    475,
    476,
    477,
    479,
    480,
    481,
    482,
    483,
    484,
    485,
    486,
    487,
    489,
    490,
    491,
    492,
    493,
    494,
    495,
    496,
    498,
    499,
    500,
    501,
    502,
    503,
    504,
    505,
    506,
    508,
    509,
    510,
    511,
    512,
    513,
    514,
    515,
    516,
    517,
    518,
    519,
    520,
    521,
    522,
    523,
    524,
    525,
    526,
    527,
    528,
    529,
    531,
    532,
    533,
    534,
    535,
    536,
    538,
    539,
    542,
    543,
    545,
    546,
    547,
    548,
    549,
    550,
    551,
    552,
    553,
    554,
    555,
    556,
    557,
    558,
    559,
    560,
    561,
    562,
    563,
    564,
    565,
    566,
    567,
    568,
    569,
    570,
    571,
    572,
    573,
    574,
    575,
    576,
    577,
    578,
    579,
    580,
    582,
    583,
    584,
    585,
    587,
    588,
    589,
    590,
    591,
    593,
    594,
    595,
    596,
    597,
    599,
    601,
    602,
    603,
    606,
    607,
    608,
    609,
    610,
    611,
    612,
    615,
    616,
    617,
    618,
    620,
    623,
    625,
    626,
    627,
    628,
    629,
    631,
    632,
    633,
    635,
    636,
    637,
    638,
    639,
    640,
    641,
    643,
    644,
    646,
    647,
    648,
    649,
    650,
    651,
    652,
    653,
    655,
    656,
    657,
    658,
    659,
    660,
    662,
    664,
    666,
    668,
    670,
    671,
    672,
    673,
    674,
    675,
    676,
    678,
    679,
    680,
    681,
    682,
    683,
    684,
    685,
    686,
    687,
    688,
    689,
    690,
    691,
    693,
    695,
    696,
    697,
    699,
    700,
    701,
    703,
    705,
    706,
    709,
    710,
    711,
    713,
    714,
    717,
    718,
    719,
    720,
    721,
    724,
    726,
    727,
    729,
    730,
    732,
    733,
    734,
    735,
    736,
    737,
    739,
    742,
    743,
    744,
    745,
    746,
    747,
    748,
    749,
    750,
    751,
    752,
    753,
    754,
    755,
    757,
    758,
    759,
    760,
    761,
    762,
    763,
    765,
    767,
    769,
    770,
    771,
    772,
    774,
    775,
    776,
    777,
    778,
    779,
    782,
    785,
    787,
    788,
    790,
    791,
    793,
    794,
    797,
    798,
    800,
    801,
    803,
    804,
    805,
    809,
    812,
    813,
    814,
    816,
    817,
    820,
    821,
    824,
    825,
    826,
    827,
    828,
    830,
    831,
    833,
    834,
    835,
    836,
    842,
    843,
    844,
    845,
    846,
    850,
    851,
    852,
    853,
    854,
    856,
    857,
    860,
    862,
    863,
    864,
    865,
    868,
    869,
    870,
    872,
    873,
    874,
    876,
    877,
    879,
    881,
    883,
    886,
    888,
    890,
    891,
    892,
    893,
    894,
    895,
    896,
    900,
    903,
    904,
    905,
    909,
    910,
    911,
    913,
    915,
    917,
    918,
    923,
    926,
    927,
    928,
    937,
    938,
    939,
    941,
    944,
    946,
    947,
    951,
    953,
    954,
    962,
    969,
    971,
    973,
    974,
    975,
    976,
    980,
    981,
    985,
    986,
    988,
    996,
    999,
    1000,
    1005,
    1009,
    1010,
    1011,
    1014,
    1016,
    1019,
    1020,
    1021,
    1025,
    1027,
    1028,
    1029,
    1030,
    1031,
    1040,
    1041,
    1042,
    1046,
    1049,
    1050,
    1052,
    1053,
    1058,
    1059,
    1061,
    1066,
    1068,
    1079,
    1081,
    1083,
    1085,
    1086,
    1088,
    1091,
    1094,
    1096,
    1099,
    1100,
    1102,
    1109,
    1112,
    1113,
    1114,
    1115,
    1116,
    1120,
    1121,
    1123,
    1125,
    1130,
    1131,
    1134,
    1136,
    1145,
    1149,
    1151,
    1153,
    1154,
    1158,
    1161,
    1166,
    1167,
    1169,
    1172,
    1173,
    1175,
    1176,
    1178,
    1179,
    1180,
    1187,
    1191,
    1192,
    1193,
    1201,
    1202,
    1205,
    1206,
    1211,
    1215,
    1219,
    1220,
    1224,
    1226,
    1227,
    1228,
    1230,
    1235,
    1239,
    1245,
    1246,
    1247,
    1249,
    1250,
    1253,
    1265,
    1272,
    1288,
    1295,
    1300,
    1304,
    1306,
    1308,
    1310,
    1312,
    1315,
    1320,
    1324,
    1326,
    1330,
    1341,
    1342,
    1343,
    1346,
    1349,
    1350,
    1353,
    1354,
    1357,
    1358,
    1359,
    1360,
    1366,
    1369,
    1374,
    1375,
    1376,
    1390,
    1398,
    1400,
    1402,
    1404,
    1405,
    1412,
    1434,
    1436,
    1437,
    1438,
    1441,
    1443,
    1447,
    1450,
    1462,
    1465,
    1486,
    1507,
    1515,
    1519,
    1520,
    1533,
    1537,
    1541,
    1543,
    1546,
    1547,
    1548,
    1555,
    1561,
    1563,
    1564,
    1571,
    1576,
    1590,
    1603,
    1604,
    1615,
    1616,
    1617,
    1618,
    1629,
    1630,
    1633,
    1643,
    1645,
    1652,
    1653,
    1665,
    1669,
    1678,
    1690,
    1711,
    1719,
    1727,
    1730,
    1739,
    1758,
    1759,
    1765,
    1771,
    1784,
    1785,
    1787,
    1789,
    1791,
    1810,
    1816,
    1820,
    1824,
    1835,
    1836,
    1838,
    1841,
    1872,
    1904,
    1913,
    1917,
    1920,
    1931,
    1933,
    1935,
    1951,
    1960,
    1999,
    2013,
    2021,
    2048,
    2050,
    2057,
    2059,
    2060,
    2063,
    2074,
    2078,
    2085,
    2088,
    2104,
    2124,
    2133,
    2134,
    2151,
    2153,
    2162,
    2163,
    2164,
    2167,
    2168,
    2171,
    2172,
    2189,
    2190,
    2200,
    2203,
    2209,
    2211,
    2220,
    2228,
    2236,
    2237,
    2253,
    2261,
    2271,
    2282,
    2317,
    2321,
    2341,
    2343,
    2362,
    2363,
    2384,
    2385,
    2426,
    2436,
    2437,
    2439,
    2473,
    2479,
    2480,
    2509,
    2563,
    2649,
    2654,
    2696,
    2702,
    2764,
    2765,
    2772,
    2791,
    2828,
    2862,
    2932,
    2942,
    2991,
    3008,
    3028,
    3037,
    3060,
    3074,
    3129,
    3137,
    3138,
    3140,
    3174,
    3194,
    3218,
    3267,
    3272,
    3363,
    3369,
    3489,
    3514,
    3530,
    3535,
    3583,
    3584,
    3586,
    3588,
    3596,
    3608,
    3611,
    3627,
    3645,
    3655,
    3671,
    3739,
    3744,
    3759,
    3762,
    3796,
    3805,
    3815,
    3937,
    3938,
    3942,
    3951,
    3998,
    3999,
    4040,
    4056,
    4068,
    4091,
    4203,
    4270,
    4325,
    4329,
    4347,
    4432,
    4436,
    4478,
    4481,
    4618,
    4814
   ],
   "best sol cost times": [
    0.073416,
    0.092466,
    0.114437,
    0.133507,
    0.15391,
    0.177464,
    0.199858,
    0.223525,
    0.248843,
    0.271395,
    0.295072,
    0.322812,
    0.346689,
    0.373202,
    0.398072,
    0.425194,
    0.450105,
    0.475692,
    0.500687,
    0.528311,
    0.552063,
    0.579149,
    0.602777,
    0.625907,
    0.652486,
    0.675954,
    0.700268,
    0.725918,
    0.750174,
    0.775019,
    0.799542,
    0.833777,
    0.861759,
    0.884588,
    0.912079,
    0.935492,
    0.959191,
    0.985521,
    1.009053,
    1.050555,
    1.080357,
    1.108214,
    1.133067,
    1.15921,
    1.185683,
    1.210156,
    1.241489,
    1.266154,
    1.290561,
    1.317362,
    1.340644,
    1.36484,
    1.393559,
    1.417142,
    1.443167,
    1.469711,
    1.492145,
    1.51985,
    1.547464,
    1.572129,
    1.597204,
    1.622185,
    1.649653,
    1.675003,
    1.705261,
    1.728404,
    1.751502,
    1.778964,
    1.801999,
    1.829534,
    1.857659,
    1.880643,
    1.906883,
    1.936732,
    1.961653,
    1.987446,
    2.011232,
    2.047509,
    2.087778,
    2.135329,
    2.165922,
    2.206964,
    2.237687,
    2.261842,
    2.286096,
    2.311764,
    2.336517,
    2.363063,
    2.389367,
    2.413167,
    2.439631,
    2.46369,
    2.49893,
    2.534607,
    2.58178,
    2.61587,
    2.659934,
    2.694232,
    2.72231,
    2.748677,
    2.776162,
    2.800602,
    2.828567,
    2.856408,
    2.881552,
    2.909136,
    2.934436,
    2.962258,
    2.991478,
    3.016677,
    3.049496,
    3.08525,
    3.113644,
    3.141273,
    3.169599,
    3.194037,
    3.219233,
    3.245837,
    3.271548,
    3.300086,
    3.324933,
    3.348968,
    3.376929,
    3.410134,
    3.43701,
    3.463764,
    3.48729,
    3.517185,
    3.542172,
    3.568607,
    3.593978,
    3.62009,
    3.645694,
    3.669654,
    3.694119,
    3.721155,
    3.747773,
    3.777224,
    3.80067,
    3.831258,
    3.857287,
    3.882846,
    3.90939,
    3.936245,
    3.960653,
    3.985624,
    4.009648,
    4.038033,
    4.069481,
    4.096033,
    4.123091,
    4.147867,
    4.177122,
    4.200381,
    4.225601,
    4.251707,
    4.277239,
    4.306551,
    4.331569,
    4.363038,
    4.388071,
    4.41594,
    4.444634,
    4.470008,
    4.495383,
    4.52428,
    4.548719,
    4.579464,
    4.605193,
    4.632406,
    4.657836,
    4.682512,
    4.710069,
    4.7411,
    4.767037,
    4.792238,
    4.818607,
    4.844657,
    4.869044,
    4.897472,
    4.922152,
    4.946467,
    4.975011,
    4.999235,
    5.027308,
    5.054145,
    5.083656,
    5.118235,
    5.147922,
    5.175679,
    5.200029,
    5.226783,
    5.252957,
    5.27684,
    5.3033,
    5.326913,
    5.350962,
    5.378869,
    5.402293,
    5.428337,
    5.455722,
    5.480653,
    5.509961,
    5.541877,
    5.56759,
    5.59305,
    5.617839,
    5.646182,
    5.674036,
    5.701873,
    5.728414,
    5.759682,
    5.785728,
    5.812923,
    5.839169,
    5.865905,
    5.895886,
    5.921884,
    5.94687,
    5.974504,
    5.997643,
    6.029117,
    6.055451,
    6.088311,
    6.118671,
    6.144741,
    6.172243,
    6.20122,
    6.227243,
    6.253524,
    6.277835,
    6.30739,
    6.352093,
    6.388052,
    6.431543,
    6.473095,
    6.514789,
    6.543141,
    6.577182,
    6.601549,
    6.629711,
    6.668487,
    6.701754,
    6.729085,
    6.764148,
    6.789855,
    6.819693,
    6.845781,
    6.877307,
    6.909473,
    6.944675,
    6.978111,
    7.01053,
    7.059196,
    7.107362,
    7.139227,
    7.168163,
    7.206537,
    7.244139,
    7.276201,
    7.313065,
    7.340057,
    7.376419,
    7.405568,
    7.43903,
    7.473183,
    7.506795,
    7.544568,
    7.58313,
    7.635968,
    7.668408,
    7.708659,
    7.74364,
    7.783833,
    7.826604,
    7.862742,
    7.897885,
    7.92855,
    7.959158,
    7.993793,
    8.026918,
    8.054345,
    8.079366,
    8.125126,
    8.162536,
    8.193336,
    8.223817,
    8.268302,
    8.303359,
    8.34622,
    8.383194,
    8.429263,
    8.466956,
    8.503051,
    8.532557,
    8.561284,
    8.592303,
    8.625068,
    8.657926,
    8.695723,
    8.756563,
    8.799146,
    8.852116,
    8.919367,
    8.958472,
    8.9963,
    9.027761,
    9.058415,
    9.088568,
    9.132697,
    9.171745,
    9.196497,
    9.225305,
    9.249591,
    9.282475,
    9.316413,
    9.350785,
    9.386363,
    9.418424,
    9.460275,
    9.497713,
    9.538276,
    9.586634,
    9.635395,
    9.677708,
    9.711471,
    9.738244,
    9.783355,
    9.815688,
    9.846094,
    9.874113,
    9.910945,
    9.977697,
    10.069245,
    10.122557,
    10.207877,
    10.262789,
    10.300425,
    10.336701,
    10.383777,
    10.436715,
    10.47858,
    10.564722,
    10.624592,
    10.694764,
    10.760544,
    10.82646,
    10.873542,
    10.932648,
    10.972763,
    11.007207,
    11.04174,
    11.075931,
    11.124178,
    11.162284,
    11.196448,
    11.230208,
    11.264709999999999,
    11.304249,
    11.34507,
    11.382159,
    11.41506,
    11.454041,
    11.483277,
    11.513585,
    11.554536,
    11.584904,
    11.623865,
    11.676217,
    11.722283,
    11.766702,
    11.863317,
    12.000096,
    12.121512,
    12.197689,
    12.252598,
    12.293335,
    12.329418,
    12.362483,
    12.3934,
    12.422346,
    12.45276,
    12.479372,
    12.51653,
    12.543249,
    12.571978,
    12.608834,
    12.633159,
    12.661455,
    12.687035,
    12.727029,
    12.762521,
    12.809181,
    12.863675,
    12.906381,
    12.940892,
    12.967294,
    12.998664,
    13.062531,
    13.096478,
    13.132738,
    13.16021,
    13.18961,
    13.221097,
    13.258371,
    13.29138,
    13.325562,
    13.350382,
    13.380668,
    13.422184,
    13.471152,
    13.516347,
    13.555746,
    13.591374,
    13.618458,
    13.643475,
    13.704007,
    13.741235,
    13.773006,
    13.806904,
    13.846569,
    13.877436,
    13.906596,
    13.936157,
    13.96401,
    13.992797,
    14.023024,
    14.0573,
    14.092234,
    14.122929,
    14.154899,
    14.190361,
    14.217437,
    14.24812,
    14.284464,
    14.324924,
    14.354827,
    14.383129,
    14.411081,
    14.436446,
    14.472075,
    14.503305,
    14.532124,
    14.561058,
    14.591763,
    14.615857,
    14.641017,
    14.670941,
    14.694488,
    14.721349,
    14.745933,
    14.771642,
    14.808686,
    14.848396,
    14.875319,
    14.91705,
    14.979816,
    15.007236,
    15.046177,
    15.090874,
    15.145271,
    15.183406,
    15.213845,
    15.247393,
    15.280167,
    15.31769,
    15.359372,
    15.403352,
    15.444912,
    15.506993,
    15.553355,
    15.609088,
    15.63979,
    15.673195,
    15.707774,
    15.768364,
    15.802065,
    15.831646,
    15.872,
    15.912989,
    15.944266,
    15.975538,
    16.005644,
    16.035089,
    16.099279,
    16.131586,
    16.164938,
    16.204627,
    16.235941,
    16.272226,
    16.300596,
    16.362287,
    16.518857,
    16.573099,
    16.619818,
    16.664808,
    16.695122,
    16.723255,
    16.748045,
    16.774015,
    16.79842,
    16.850548,
    16.87376,
    16.897718,
    16.926461,
    16.951629,
    16.978067,
    17.004446,
    17.029166,
    17.055379,
    17.082793,
    17.106891,
    17.133702,
    17.158964,
    17.191575,
    17.215143,
    17.239557,
    17.266421,
    17.292032,
    17.315265,
    17.348185,
    17.371947,
    17.397923,
    17.452648,
    17.477974,
    17.501747,
    17.530185,
    17.555201,
    17.583244,
    17.630966,
    17.658325,
    17.734786,
    17.759602,
    17.813079,
    17.837908,
    17.865841,
    17.892035,
    17.915579,
    17.942927,
    17.966393,
    17.992869,
    18.017574,
    18.042497,
    18.072318,
    18.096729,
    18.122609,
    18.147116,
    18.171334,
    18.20205,
    18.225674,
    18.250541,
    18.274806,
    18.302717,
    18.331462,
    18.361112,
    18.387501,
    18.417694,
    18.444582,
    18.470776999999998,
    18.493407,
    18.520419,
    18.549126,
    18.573192,
    18.59902,
    18.62309,
    18.647084,
    18.674309,
    18.701544,
    18.730615,
    18.781898,
    18.809305,
    18.833543,
    18.861822,
    18.911172,
    18.93863,
    18.961559,
    18.988376,
    19.017746,
    19.067907,
    19.091882,
    19.11572,
    19.142826,
    19.167638,
    19.219241,
    19.268788,
    19.293547,
    19.32548,
    19.402691,
    19.433035,
    19.460407,
    19.489398,
    19.513075,
    19.542107,
    19.566919,
    19.645517,
    19.673398,
    19.697755,
    19.730072,
    19.779167,
    19.858143,
    19.912503,
    19.939383,
    19.963892,
    19.991467,
    20.022894,
    20.073767,
    20.10038,
    20.127936,
    20.178714,
    20.20369,
    20.229351,
    20.255754,
    20.287149,
    20.320695,
    20.366891,
    20.455205,
    20.50039,
    20.552271,
    20.581639,
    20.609223,
    20.63381,
    20.661749,
    20.685949,
    20.711168,
    20.738187,
    20.792067,
    20.819499,
    20.845996,
    20.874982,
    20.89977,
    20.928652,
    20.977897,
    21.029927,
    21.08297,
    21.135816,
    21.184681,
    21.210622,
    21.23746,
    21.266107,
    21.291413,
    21.319024,
    21.345797,
    21.40362,
    21.428367,
    21.453862,
    21.479874,
    21.518257,
    21.544654,
    21.571435,
    21.59797,
    21.623017,
    21.649486,
    21.67319,
    21.697972,
    21.724546,
    21.750024,
    21.802693,
    21.861222,
    21.887145,
    21.910453,
    21.963148,
    21.98845,
    22.017028,
    22.081155,
    22.167754,
    22.217941,
    22.305275,
    22.330221,
    22.35785,
    22.405558,
    22.43225,
    22.512758,
    22.562495,
    22.587226,
    22.612351,
    22.638802,
    22.714205,
    22.766063,
    22.791025,
    22.851694,
    22.875757,
    22.931792,
    22.959823,
    22.9842,
    23.007992,
    23.039128,
    23.063004,
    23.120252,
    23.198657,
    23.226271,
    23.250508,
    23.276861,
    23.302496,
    23.330003,
    23.359366,
    23.400208,
    23.438377,
    23.487235,
    23.529216,
    23.572663,
    23.598432,
    23.626451,
    23.676022,
    23.701533,
    23.728244,
    23.754514,
    23.781078,
    23.806731,
    23.84161,
    23.895357,
    23.946805,
    23.997903,
    24.023768,
    24.048251,
    24.071635,
    24.125211,
    24.153544,
    24.181096,
    24.211459,
    24.239772,
    24.264178,
    24.343109,
    24.423564,
    24.472257,
    24.500684,
    24.554233,
    24.58475,
    24.637771,
    24.662938,
    24.738848,
    24.764697,
    24.821816,
    24.848661,
    24.907239,
    24.932166,
    24.959923,
    25.059974,
    25.14099,
    25.16876,
    25.19294,
    25.249954,
    25.276777,
    25.355249,
    25.380166,
    25.465987,
    25.496138,
    25.524682,
    25.552247,
    25.580059,
    25.639801,
    25.665064,
    25.716789,
    25.743044,
    25.771515,
    25.795917,
    25.952922,
    25.978651,
    26.0027,
    26.030266,
    26.054982,
    26.159124,
    26.184826,
    26.209671,
    26.239784,
    26.263864,
    26.314397,
    26.339773,
    26.42371,
    26.477053,
    26.502209,
    26.530444,
    26.559554,
    26.645409,
    26.677514,
    26.702762,
    26.755704,
    26.7798,
    26.805308,
    26.863154,
    26.896741,
    26.946244,
    26.998288,
    27.052996,
    27.136366,
    27.208529,
    27.285033,
    27.331465,
    27.368855,
    27.393844,
    27.418978,
    27.446212,
    27.470316,
    27.579789,
    27.659682,
    27.690964,
    27.717639,
    27.821326,
    27.849878,
    27.874513,
    27.929129,
    27.980178,
    28.033712,
    28.059922,
    28.190039,
    28.269827,
    28.295903,
    28.323577,
    28.570601,
    28.595059,
    28.621465,
    28.676206,
    28.787217,
    28.879368,
    28.907265,
    29.019122,
    29.077018,
    29.10419,
    29.313213,
    29.496003,
    29.549948,
    29.603357,
    29.627861,
    29.656897,
    29.685314,
    29.79701,
    29.825079,
    29.938685,
    29.969187,
    30.021236,
    30.235231,
    30.366101,
    30.410693,
    30.552285,
    30.659069,
    30.685449,
    30.718163,
    30.797741,
    30.855598,
    30.935494,
    30.959901,
    30.990346,
    31.094264,
    31.148113,
    31.176635,
    31.205276,
    31.331654,
    31.394518,
    31.636892,
    31.666887,
    31.69163,
    31.806634,
    31.888423,
    31.916252,
    31.969629,
    31.998027,
    32.133262,
    32.157955,
    32.224734,
    32.359291,
    32.418749,
    32.710923,
    32.772607,
    32.827394,
    32.881289,
    32.906042,
    32.961678,
    33.039542,
    33.122462,
    33.174759,
    33.266302,
    33.293821,
    33.34793,
    33.541872,
    33.621937,
    33.647054,
    33.673958,
    33.699917,
    33.727398,
    33.8509,
    33.878932,
    33.934586,
    33.985091,
    34.165011,
    34.211551,
    34.305616,
    34.356191,
    34.597806,
    34.701539,
    34.752041,
    34.810676,
    34.835797,
    34.949639,
    35.032916,
    35.165024,
    35.19191,
    35.243505999999996,
    35.325312,
    35.364633,
    35.42685,
    35.464728,
    35.527475,
    35.554575,
    35.57985,
    35.760217,
    35.877416,
    35.903844,
    35.931292,
    36.134544,
    36.158535,
    36.23529,
    36.262705,
    36.392941,
    36.499629,
    36.610996,
    36.637417,
    36.740862,
    36.792443,
    36.826434,
    36.85149,
    36.911832,
    37.04196,
    37.145526,
    37.378132,
    37.406014,
    37.432088,
    37.486278,
    37.515395,
    37.593659,
    37.907116,
    38.098754,
    38.523691,
    38.711119,
    38.841889,
    38.949568,
    39.007819,
    39.058561,
    39.110344,
    39.16332,
    39.24307,
    39.378536,
    39.487725,
    39.544096,
    39.652414,
    39.942631,
    39.970261,
    40.008375,
    40.084578,
    40.162677,
    40.189068,
    40.269441,
    40.299039,
    40.377617,
    40.403931,
    40.439037,
    40.467699,
    40.635049,
    40.718478,
    40.855963,
    40.882064,
    40.907588,
    41.361266,
    41.577966,
    41.632838,
    41.685694,
    41.772806,
    41.824522,
    42.086782,
    42.822485,
    42.883226,
    42.911077,
    42.938896,
    43.020598,
    43.075401,
    43.182803,
    43.314862,
    43.673614,
    43.760678,
    44.46797,
    45.097585,
    45.34919,
    45.548637,
    45.581995,
    45.932988,
    46.12065,
    46.229051,
    46.282507,
    46.368626,
    46.419055,
    46.460113,
    46.688515,
    46.857921,
    46.91024,
    46.937364,
    47.125657,
    47.268633,
    47.67145,
    48.09966,
    48.133101,
    48.426317,
    48.453174,
    48.480668,
    48.506536,
    48.833442,
    48.860154,
    48.943115,
    49.210385,
    49.275646,
    49.464975,
    49.491395,
    49.84804,
    49.955306,
    50.204671,
    50.544843,
    51.198687,
    51.414807,
    51.639654,
    51.734738,
    51.988669,
    52.575354,
    52.604434,
    52.765743,
    52.938122,
    53.311332,
    53.340167,
    53.393428,
    53.444808,
    53.499972,
    54.01249,
    54.184129,
    54.294679,
    54.401294,
    54.701265,
    54.72935,
    54.802844,
    54.944307,
    55.83386,
    56.708884,
    56.950007,
    57.062466,
    57.157645,
    58.085514,
    58.263832,
    58.388148,
    59.088246,
    59.467423,
    60.952329,
    61.322614,
    61.545008,
    62.394837,
    62.452903,
    62.704403,
    62.801484,
    62.862575,
    63.022629,
    63.45645,
    63.64259,
    63.876063,
    63.96348,
    64.513817,
    65.056758,
    65.367329,
    65.395841,
    66.016825,
    66.101711,
    66.482561,
    66.526564,
    66.57352,
    66.681296,
    66.707659,
    66.786906,
    66.814457,
    67.309798,
    67.342092,
    67.607029,
    67.684222,
    67.839312,
    67.892451,
    68.124819,
    68.372145,
    68.613843,
    68.639461,
    69.120318,
    69.325528,
    69.58386,
    69.873366,
    70.770403,
    70.883065,
    71.402158,
    71.45351,
    71.955055,
    71.997871,
    72.623657,
    72.651248,
    73.826011,
    74.101482,
    74.130032,
    74.184657,
    75.399102,
    75.584969,
    75.615384,
    76.861372,
    79.318581,
    81.813079,
    81.972707,
    83.204284,
    83.371481,
    85.050308,
    85.08595,
    85.275424,
    85.809771,
    86.881208,
    87.801119,
    89.779144,
    90.105197,
    91.610233,
    92.050783,
    92.558289,
    92.777636,
    93.429105,
    93.808839,
    96.280919,
    96.558503,
    96.59199,
    96.645017,
    97.766669,
    98.330683,
    99.015638,
    100.478537,
    100.631977,
    103.15199,
    103.316054,
    106.814023,
    107.652398,
    108.214526,
    108.438146,
    109.949611,
    109.981203,
    110.040948,
    110.095356,
    110.313819,
    110.714628,
    110.845907,
    111.311807,
    111.802166,
    112.15291,
    112.686375,
    114.678721,
    114.818807,
    115.230136,
    115.314614,
    116.26611,
    116.687103,
    116.971225,
    120.50388,
    120.53798,
    120.683478,
    121.024814,
    122.313513,
    122.344722,
    123.450233,
    123.90875,
    124.252233,
    125.097606,
    128.420411,
    130.318068,
    131.907607,
    132.024679,
    132.494596,
    134.903454,
    135.019286,
    136.199075,
    136.295082,
    140.195088,
    146.84476
   ],
   "best sol cost values": [
    1635732.0,
    1635509.0,
    1635320.0,
    1635125.0,
    1634798.0,
    1634494.0,
    1633646.0,
    1633400.0,
    1632908.0,
    1632496.0,
    1632173.0,
    1631791.0,
    1631495.0,
    1631072.0,
    1630895.0,
    1630677.0,
    1630409.0,
    1630184.0,
    1629884.0,
    1629676.0,
    1629471.0,
    1629011.0,
    1628752.0,
    1628612.0,
    1628369.0,
    1628201.0,
    1628008.0,
    1627741.0,
    1627483.0,
    1627170.0,
    1627044.0,
    1626729.0,
    1626605.0,
    1626331.0,
    1626228.0,
    1626082.0,
    1625824.0,
    1625614.0,
    1625475.0,
    1625351.0,
    1625269.0,
    1625118.0,
    1624848.0,
    1624700.0,
    1624473.0,
    1624293.0,
    1624185.0,
    1624042.0,
    1623928.0,
    1623812.0,
    1623637.0,
    1623400.0,
    1623282.0,
    1623149.0,
    1622967.0,
    1622843.0,
    1622727.0,
    1622588.0,
    1622421.0,
    1622222.0,
    1622088.0,
    1621970.0,
    1621857.0,
    1621793.0,
    1621491.0,
    1621318.0,
    1621129.0,
    1620908.0,
    1620716.0,
    1620576.0,
    1620479.0,
    1620331.0,
    1620272.0,
    1620130.0,
    1619934.0,
    1619772.0,
    1619671.0,
    1619585.0,
    1619451.0,
    1619193.0,
    1619060.0,
    1618941.0,
    1618772.0,
    1618574.0,
    1618438.0,
    1618342.0,
    1618235.0,
    1618131.0,
    1618001.0,
    1617861.0,
    1617778.0,
    1617637.0,
    1617534.0,
    1617393.0,
    1617289.0,
    1617246.0,
    1617163.0,
    1616992.0,
    1616825.0,
    1616666.0,
    1616543.0,
    1616430.0,
    1616366.0,
    1616123.0,
    1616022.0,
    1615901.0,
    1615669.0,
    1615538.0,
    1615308.0,
    1615212.0,
    1614947.0,
    1614895.0,
    1614812.0,
    1614642.0,
    1614483.0,
    1614359.0,
    1614249.0,
    1614166.0,
    1614104.0,
    1613953.0,
    1613775.0,
    1613634.0,
    1613499.0,
    1613405.0,
    1613235.0,
    1613165.0,
    1613040.0,
    1612945.0,
    1612855.0,
    1612731.0,
    1612607.0,
    1612533.0,
    1612483.0,
    1612378.0,
    1612245.0,
    1612124.0,
    1612018.0,
    1611935.0,
    1611733.0,
    1611632.0,
    1611539.0,
    1611440.0,
    1611338.0,
    1611274.0,
    1611169.0,
    1611010.0,
    1610890.0,
    1610773.0,
    1610688.0,
    1610544.0,
    1610458.0,
    1610408.0,
    1610266.0,
    1610192.0,
    1610115.0,
    1610075.0,
    1609968.0,
    1609852.0,
    1609776.0,
    1609700.0,
    1609605.0,
    1609447.0,
    1609409.0,
    1609312.0,
    1609263.0,
    1609205.0,
    1609133.0,
    1609079.0,
    1608859.0,
    1608797.0,
    1608678.0,
    1608626.0,
    1608553.0,
    1608445.0,
    1608336.0,
    1608286.0,
    1608172.0,
    1608122.0,
    1608037.0,
    1607946.0,
    1607863.0,
    1607827.0,
    1607694.0,
    1607499.0,
    1607315.0,
    1607238.0,
    1607091.0,
    1606994.0,
    1606915.0,
    1606848.0,
    1606676.0,
    1606642.0,
    1606542.0,
    1606469.0,
    1606365.0,
    1606283.0,
    1606172.0,
    1606074.0,
    1606026.0,
    1605931.0,
    1605794.0,
    1605597.0,
    1605548.0,
    1605503.0,
    1605335.0,
    1605252.0,
    1605132.0,
    1605037.0,
    1604989.0,
    1604920.0,
    1604883.0,
    1604783.0,
    1604698.0,
    1604653.0,
    1604601.0,
    1604521.0,
    1604471.0,
    1604428.0,
    1604326.0,
    1604267.0,
    1604195.0,
    1604135.0,
    1604073.0,
    1604021.0,
    1603983.0,
    1603942.0,
    1603887.0,
    1603791.0,
    1603722.0,
    1603705.0,
    1603655.0,
    1603617.0,
    1603552.0,
    1603470.0,
    1603427.0,
    1603342.0,
    1603255.0,
    1603230.0,
    1603154.0,
    1603092.0,
    1602988.0,
    1602844.0,
    1602819.0,
    1602771.0,
    1602714.0,
    1602695.0,
    1602593.0,
    1602522.0,
    1602427.0,
    1602383.0,
    1602265.0,
    1602225.0,
    1602187.0,
    1602137.0,
    1602111.0,
    1602003.0,
    1601944.0,
    1601903.0,
    1601879.0,
    1601844.0,
    1601819.0,
    1601727.0,
    1601677.0,
    1601644.0,
    1601592.0,
    1601436.0,
    1601393.0,
    1601328.0,
    1601313.0,
    1601198.0,
    1601098.0,
    1601039.0,
    1600975.0,
    1600838.0,
    1600796.0,
    1600784.0,
    1600650.0,
    1600558.0,
    1600473.0,
    1600389.0,
    1600299.0,
    1600245.0,
    1600174.0,
    1600142.0,
    1600131.0,
    1600099.0,
    1599992.0,
    1599963.0,
    1599934.0,
    1599909.0,
    1599868.0,
    1599835.0,
    1599787.0,
    1599740.0,
    1599714.0,
    1599652.0,
    1599586.0,
    1599524.0,
    1599444.0,
    1599385.0,
    1599352.0,
    1599315.0,
    1599254.0,
    1599147.0,
    1599092.0,
    1599053.0,
    1599021.0,
    1598894.0,
    1598873.0,
    1598846.0,
    1598838.0,
    1598792.0,
    1598748.0,
    1598721.0,
    1598686.0,
    1598650.0,
    1598590.0,
    1598540.0,
    1598490.0,
    1598447.0,
    1598435.0,
    1598398.0,
    1598357.0,
    1598324.0,
    1598304.0,
    1598280.0,
    1598264.0,
    1598194.0,
    1598120.0,
    1598031.0,
    1598002.0,
    1597942.0,
    1597895.0,
    1597857.0,
    1597821.0,
    1597793.0,
    1597783.0,
    1597761.0,
    1597749.0,
    1597683.0,
    1597627.0,
    1597561.0,
    1597523.0,
    1597476.0,
    1597358.0,
    1597327.0,
    1597256.0,
    1597243.0,
    1597178.0,
    1597163.0,
    1597127.0,
    1597063.0,
    1597018.0,
    1597000.0,
    1596875.0,
    1596871.0,
    1596820.0,
    1596747.0,
    1596716.0,
    1596670.0,
    1596636.0,
    1596605.0,
    1596558.0,
    1596524.0,
    1596427.0,
    1596395.0,
    1596360.0,
    1596330.0,
    1596250.0,
    1596205.0,
    1596172.0,
    1596162.0,
    1596154.0,
    1596076.0,
    1596050.0,
    1596031.0,
    1595998.0,
    1595957.0,
    1595916.0,
    1595891.0,
    1595813.0,
    1595787.0,
    1595735.0,
    1595722.0,
    1595720.0,
    1595700.0,
    1595688.0,
    1595571.0,
    1595458.0,
    1595421.0,
    1595375.0,
    1595275.0,
    1595259.0,
    1595227.0,
    1595216.0,
    1595201.0,
    1595111.0,
    1595090.0,
    1595053.0,
    1594958.0,
    1594937.0,
    1594909.0,
    1594887.0,
    1594852.0,
    1594828.0,
    1594805.0,
    1594801.0,
    1594796.0,
    1594746.0,
    1594717.0,
    1594667.0,
    1594569.0,
    1594523.0,
    1594506.0,
    1594465.0,
    1594397.0,
    1594372.0,
    1594343.0,
    1594265.0,
    1594252.0,
    1594219.0,
    1594201.0,
    1594184.0,
    1594171.0,
    1594128.0,
    1594099.0,
    1594092.0,
    1594033.0,
    1593999.0,
    1593986.0,
    1593947.0,
    1593942.0,
    1593934.0,
    1593919.0,
    1593881.0,
    1593858.0,
    1593792.0,
    1593766.0,
    1593713.0,
    1593692.0,
    1593665.0,
    1593645.0,
    1593609.0,
    1593587.0,
    1593551.0,
    1593528.0,
    1593510.0,
    1593490.0,
    1593406.0,
    1593374.0,
    1593345.0,
    1593325.0,
    1593282.0,
    1593164.0,
    1593146.0,
    1593116.0,
    1593093.0,
    1593071.0,
    1593049.0,
    1593047.0,
    1593029.0,
    1592991.0,
    1592940.0,
    1592857.0,
    1592838.0,
    1592769.0,
    1592744.0,
    1592736.0,
    1592718.0,
    1592716.0,
    1592699.0,
    1592682.0,
    1592610.0,
    1592608.0,
    1592592.0,
    1592572.0,
    1592558.0,
    1592555.0,
    1592459.0,
    1592440.0,
    1592429.0,
    1592412.0,
    1592396.0,
    1592350.0,
    1592345.0,
    1592342.0,
    1592301.0,
    1592210.0,
    1592193.0,
    1592129.0,
    1592100.0,
    1592066.0,
    1592064.0,
    1592043.0,
    1592038.0,
    1592008.0,
    1591968.0,
    1591942.0,
    1591934.0,
    1591919.0,
    1591895.0,
    1591894.0,
    1591829.0,
    1591820.0,
    1591800.0,
    1591784.0,
    1591764.0,
    1591742.0,
    1591711.0,
    1591691.0,
    1591657.0,
    1591515.0,
    1591505.0,
    1591491.0,
    1591468.0,
    1591449.0,
    1591415.0,
    1591241.0,
    1591226.0,
    1591147.0,
    1591134.0,
    1591023.0,
    1590992.0,
    1590971.0,
    1590966.0,
    1590959.0,
    1590951.0,
    1590933.0,
    1590922.0,
    1590908.0,
    1590905.0,
    1590855.0,
    1590831.0,
    1590800.0,
    1590790.0,
    1590782.0,
    1590780.0,
    1590733.0,
    1590714.0,
    1590689.0,
    1590672.0,
    1590657.0,
    1590638.0,
    1590627.0,
    1590619.0,
    1590609.0,
    1590589.0,
    1590549.0,
    1590518.0,
    1590511.0,
    1590469.0,
    1590456.0,
    1590444.0,
    1590427.0,
    1590351.0,
    1590317.0,
    1590260.0,
    1590246.0,
    1590210.0,
    1590170.0,
    1590160.0,
    1590134.0,
    1590117.0,
    1590100.0,
    1590085.0,
    1590078.0,
    1590046.0,
    1590030.0,
    1589986.0,
    1589983.0,
    1589979.0,
    1589948.0,
    1589931.0,
    1589895.0,
    1589894.0,
    1589886.0,
    1589867.0,
    1589820.0,
    1589812.0,
    1589810.0,
    1589754.0,
    1589736.0,
    1589718.0,
    1589704.0,
    1589703.0,
    1589698.0,
    1589693.0,
    1589691.0,
    1589685.0,
    1589658.0,
    1589650.0,
    1589643.0,
    1589600.0,
    1589599.0,
    1589584.0,
    1589552.0,
    1589545.0,
    1589535.0,
    1589526.0,
    1589504.0,
    1589476.0,
    1589456.0,
    1589445.0,
    1589439.0,
    1589434.0,
    1589404.0,
    1589393.0,
    1589382.0,
    1589353.0,
    1589347.0,
    1589346.0,
    1589338.0,
    1589316.0,
    1589302.0,
    1589288.0,
    1589263.0,
    1589232.0,
    1589167.0,
    1589144.0,
    1589130.0,
    1589119.0,
    1589117.0,
    1589109.0,
    1589077.0,
    1589070.0,
    1589048.0,
    1589039.0,
    1589037.0,
    1589024.0,
    1589000.0,
    1588993.0,
    1588975.0,
    1588950.0,
    1588949.0,
    1588944.0,
    1588935.0,
    1588929.0,
    1588920.0,
    1588905.0,
    1588903.0,
    1588804.0,
    1588752.0,
    1588751.0,
    1588741.0,
    1588731.0,
    1588721.0,
    1588693.0,
    1588685.0,
    1588676.0,
    1588673.0,
    1588664.0,
    1588649.0,
    1588645.0,
    1588619.0,
    1588591.0,
    1588589.0,
    1588585.0,
    1588566.0,
    1588563.0,
    1588546.0,
    1588517.0,
    1588508.0,
    1588460.0,
    1588406.0,
    1588399.0,
    1588380.0,
    1588359.0,
    1588345.0,
    1588304.0,
    1588278.0,
    1588217.0,
    1588214.0,
    1588192.0,
    1588174.0,
    1588156.0,
    1588118.0,
    1588105.0,
    1588091.0,
    1588067.0,
    1588054.0,
    1588046.0,
    1588039.0,
    1588010.0,
    1587986.0,
    1587963.0,
    1587894.0,
    1587868.0,
    1587861.0,
    1587850.0,
    1587837.0,
    1587745.0,
    1587731.0,
    1587730.0,
    1587719.0,
    1587670.0,
    1587663.0,
    1587624.0,
    1587600.0,
    1587593.0,
    1587580.0,
    1587556.0,
    1587549.0,
    1587534.0,
    1587531.0,
    1587514.0,
    1587495.0,
    1587493.0,
    1587471.0,
    1587451.0,
    1587446.0,
    1587440.0,
    1587415.0,
    1587406.0,
    1587400.0,
    1587383.0,
    1587320.0,
    1587318.0,
    1587275.0,
    1587223.0,
    1587195.0,
    1587151.0,
    1587149.0,
    1587138.0,
    1587130.0,
    1587096.0,
    1587086.0,
    1587083.0,
    1587081.0,
    1587065.0,
    1587054.0,
    1587042.0,
    1587038.0,
    1587035.0,
    1587002.0,
    1587000.0,
    1586996.0,
    1586977.0,
    1586965.0,
    1586924.0,
    1586918.0,
    1586868.0,
    1586859.0,
    1586840.0,
    1586839.0,
    1586837.0,
    1586825.0,
    1586817.0,
    1586808.0,
    1586797.0,
    1586793.0,
    1586780.0,
    1586761.0,
    1586744.0,
    1586738.0,
    1586689.0,
    1586640.0,
    1586635.0,
    1586631.0,
    1586623.0,
    1586615.0,
    1586612.0,
    1586601.0,
    1586599.0,
    1586580.0,
    1586566.0,
    1586562.0,
    1586550.0,
    1586537.0,
    1586535.0,
    1586530.0,
    1586515.0,
    1586452.0,
    1586443.0,
    1586406.0,
    1586399.0,
    1586391.0,
    1586361.0,
    1586359.0,
    1586347.0,
    1586337.0,
    1586336.0,
    1586320.0,
    1586316.0,
    1586313.0,
    1586308.0,
    1586271.0,
    1586230.0,
    1586225.0,
    1586218.0,
    1586203.0,
    1586197.0,
    1586179.0,
    1586171.0,
    1586168.0,
    1586165.0,
    1586141.0,
    1586137.0,
    1586134.0,
    1586126.0,
    1586123.0,
    1586106.0,
    1586103.0,
    1586082.0,
    1586079.0,
    1586075.0,
    1585999.0,
    1585992.0,
    1585974.0,
    1585966.0,
    1585961.0,
    1585954.0,
    1585953.0,
    1585946.0,
    1585944.0,
    1585940.0,
    1585931.0,
    1585929.0,
    1585922.0,
    1585911.0,
    1585909.0,
    1585906.0,
    1585873.0,
    1585868.0,
    1585867.0,
    1585853.0,
    1585852.0,
    1585846.0,
    1585837.0,
    1585835.0,
    1585801.0,
    1585769.0,
    1585764.0,
    1585744.0,
    1585743.0,
    1585740.0,
    1585732.0,
    1585725.0,
    1585714.0,
    1585694.0,
    1585664.0,
    1585656.0,
    1585625.0,
    1585621.0,
    1585603.0,
    1585598.0,
    1585592.0,
    1585590.0,
    1585583.0,
    1585582.0,
    1585580.0,
    1585572.0,
    1585550.0,
    1585542.0,
    1585536.0,
    1585527.0,
    1585526.0,
    1585519.0,
    1585480.0,
    1585479.0,
    1585471.0,
    1585456.0,
    1585377.0,
    1585365.0,
    1585349.0,
    1585342.0,
    1585309.0,
    1585303.0,
    1585284.0,
    1585283.0,
    1585268.0,
    1585235.0,
    1585234.0,
    1585198.0,
    1585161.0,
    1585159.0,
    1585144.0,
    1585107.0,
    1585104.0,
    1585070.0,
    1585053.0,
    1585039.0,
    1585026.0,
    1585021.0,
    1585020.0,
    1585018.0,
    1585017.0,
    1585001.0,
    1584988.0,
    1584972.0,
    1584961.0,
    1584950.0,
    1584942.0,
    1584935.0,
    1584920.0,
    1584917.0,
    1584907.0,
    1584867.0,
    1584850.0,
    1584840.0,
    1584837.0,
    1584827.0,
    1584826.0,
    1584808.0,
    1584801.0,
    1584792.0,
    1584757.0,
    1584753.0,
    1584742.0,
    1584739.0,
    1584727.0,
    1584714.0,
    1584639.0,
    1584631.0,
    1584584.0,
    1584581.0,
    1584578.0,
    1584566.0,
    1584559.0,
    1584548.0,
    1584543.0,
    1584540.0,
    1584534.0,
    1584533.0,
    1584531.0,
    1584520.0,
    1584500.0,
    1584496.0,
    1584484.0,
    1584483.0,
    1584470.0,
    1584457.0,
    1584438.0,
    1584432.0,
    1584431.0,
    1584428.0,
    1584425.0,
    1584415.0,
    1584408.0,
    1584391.0,
    1584376.0,
    1584372.0,
    1584371.0,
    1584365.0,
    1584298.0,
    1584284.0,
    1584274.0,
    1584222.0,
    1584203.0,
    1584194.0,
    1584191.0,
    1584176.0,
    1584172.0,
    1584170.0,
    1584132.0,
    1584130.0,
    1584120.0,
    1584115.0,
    1584088.0,
    1584059.0,
    1584046.0,
    1584032.0,
    1584006.0,
    1583972.0,
    1583967.0,
    1583961.0,
    1583960.0,
    1583930.0,
    1583925.0,
    1583919.0,
    1583861.0,
    1583844.0,
    1583841.0,
    1583838.0,
    1583828.0,
    1583807.0,
    1583803.0,
    1583796.0,
    1583791.0,
    1583780.0,
    1583738.0,
    1583727.0,
    1583719.0,
    1583713.0,
    1583712.0,
    1583698.0,
    1583655.0,
    1583648.0,
    1583635.0,
    1583599.0,
    1583581.0,
    1583534.0,
    1583477.0,
    1583470.0,
    1583430.0,
    1583418.0,
    1583392.0,
    1583381.0,
    1583376.0,
    1583370.0,
    1583360.0,
    1583336.0,
    1583324.0,
    1583312.0,
    1583308.0,
    1583284.0,
    1583264.0,
    1583232.0,
    1583218.0,
    1583206.0,
    1583191.0,
    1583173.0,
    1583172.0,
    1583169.0,
    1583144.0,
    1583143.0,
    1583138.0,
    1583112.0,
    1583108.0,
    1583100.0,
    1583096.0,
    1583093.0,
    1583064.0,
    1583061.0,
    1583058.0,
    1583038.0,
    1583024.0,
    1583021.0,
    1583002.0,
    1582983.0,
    1582966.0,
    1582942.0,
    1582941.0,
    1582936.0,
    1582924.0,
    1582839.0,
    1582825.0,
    1582796.0,
    1582787.0,
    1582779.0,
    1582774.0,
    1582757.0,
    1582739.0,
    1582728.0,
    1582724.0,
    1582710.0,
    1582691.0,
    1582652.0,
    1582646.0,
    1582642.0,
    1582636.0,
    1582634.0,
    1582631.0,
    1582621.0,
    1582617.0,
    1582614.0,
    1582595.0,
    1582559.0,
    1582556.0,
    1582542.0,
    1582519.0,
    1582518.0,
    1582516.0,
    1582512.0,
    1582481.0,
    1582460.0,
    1582459.0,
    1582455.0,
    1582454.0,
    1582437.0,
    1582428.0,
    1582420.0,
    1582344.0,
    1582323.0,
    1582303.0,
    1582297.0,
    1582267.0,
    1582206.0,
    1582195.0,
    1582182.0,
    1582159.0,
    1582116.0,
    1582114.0,
    1582092.0,
    1582085.0,
    1582067.0,
    1582061.0,
    1582052.0,
    1582046.0,
    1582044.0,
    1582041.0,
    1582023.0,
    1582017.0,
    1581996.0,
    1581995.0,
    1581975.0,
    1581947.0,
    1581917.0,
    1581861.0,
    1581860.0,
    1581854.0,
    1581829.0,
    1581805.0,
    1581802.0,
    1581795.0,
    1581777.0,
    1581763.0,
    1581751.0,
    1581734.0,
    1581726.0,
    1581695.0,
    1581680.0,
    1581667.0,
    1581651.0,
    1581615.0,
    1581608.0,
    1581605.0,
    1581572.0,
    1581503.0,
    1581497.0,
    1581492.0,
    1581490.0,
    1581487.0,
    1581470.0,
    1581447.0,
    1581445.0,
    1581429.0,
    1581423.0,
    1581420.0,
    1581393.0,
    1581391.0,
    1581389.0,
    1581340.0,
    1581339.0,
    1581321.0,
    1581282.0,
    1581207.0,
    1581199.0,
    1581194.0,
    1581170.0,
    1581161.0,
    1581095.0,
    1581076.0,
    1581072.0,
    1581062.0,
    1581038.0,
    1581020.0,
    1580979.0,
    1580972.0,
    1580961.0,
    1580960.0,
    1580936.0,
    1580933.0,
    1580912.0,
    1580904.0,
    1580892.0,
    1580860.0,
    1580855.0,
    1580843.0,
    1580830.0,
    1580823.0,
    1580805.0,
    1580779.0,
    1580771.0,
    1580765.0,
    1580760.0,
    1580752.0,
    1580746.0,
    1580737.0,
    1580726.0,
    1580709.0,
    1580708.0,
    1580707.0,
    1580681.0,
    1580676.0
   ],
   "execution time": 153.504710724,
   "final cost": 1580676.0,
   "final error": 0.48261885570001345,
   "finished_at": "2024-11-04T04:14:32.466519394",
   "initial sol cost": 1635982.0,
   "initial solutions build time": 0.22123118800000002,
   "mean percent of select next node calls recorded every ith iter": 20,
   "mean percent of select next node calls values": [
    0.13,
    0.91,
    0.91,
    0.87,
    0.91,
    0.89,
    0.88,
    0.91,
    0.93,
    0.94,
    0.91,
    0.93,
    0.93,
    0.95,
    0.91,
    0.93,
    0.92,
    0.9,
    0.93,
    0.94,
    0.93,
    0.94,
    0.93,
    0.9,
    0.95,
    0.93,
    0.94,
    0.9,
    0.89,
    0.95,
    0.93,
    0.98,
    0.98,
    0.9,
    0.88,
    0.94,
    0.92,
    0.94,
    0.9,
    0.94,
    0.93,
    0.96,
    0.93,
    0.95,
    0.97,
    0.94,
    0.95,
    0.95,
    0.92,
    0.99,
    0.91,
    0.9,
    0.95,
    0.94,
    0.95,
    0.94,
    0.92,
    0.94,
    0.92,
    0.94,
    0.95,
    0.94,
    0.96,
    0.96,
    0.94,
    0.93,
    0.95,
    0.95,
    0.91,
    0.96,
    0.95,
    0.92,
    0.94,
    0.94,
    0.95,
    0.93,
    0.93,
    0.95,
    0.95,
    0.97,
    0.95,
    0.93,
    0.91,
    0.92,
    0.91,
    0.94,
    0.94,
    0.93,
    0.93,
    0.92,
    0.97,
    0.95,
    0.95,
    0.97,
    0.98,
    0.94,
    0.95,
    0.94,
    0.94,
    0.93,
    0.95,
    0.94,
    0.94,
    0.92,
    0.92,
    0.95,
    0.94,
    0.93,
    0.98,
    0.96,
    0.98,
    0.94,
    0.98,
    0.93,
    0.93,
    0.94,
    0.94,
    0.94,
    0.91,
    0.96,
    0.94,
    0.94,
    0.96,
    0.93,
    0.94,
    0.97,
    0.93,
    0.95,
    0.95,
    0.95,
    0.95,
    0.98,
    0.96,
    0.96,
    0.98,
    0.96,
    0.94,
    0.94,
    0.93,
    0.97,
    0.95,
    0.96,
    0.96,
    0.96,
    0.94,
    0.93,
    0.95,
    0.94,
    0.95,
    0.94,
    0.95,
    0.92,
    0.94,
    0.99,
    0.95,
    0.97,
    0.95,
    0.94,
    0.95,
    0.94,
    0.9,
    0.96,
    0.96,
    0.98,
    0.96,
    0.96,
    0.94,
    0.94,
    0.95,
    0.96,
    0.94,
    0.95,
    0.96,
    0.94,
    0.95,
    0.96,
    0.94,
    0.95,
    0.96,
    0.98,
    0.94,
    0.93,
    0.94,
    0.94,
    0.94,
    0.93,
    0.94,
    0.97,
    0.95,
    0.95,
    0.92,
    0.93,
    0.98,
    0.97,
    0.94,
    0.94,
    0.93,
    0.97,
    0.95,
    0.96,
    0.95,
    0.92,
    0.97,
    0.92,
    0.94,
    0.95,
    0.94,
    0.96,
    0.97,
    0.93,
    0.97,
    0.95,
    0.98,
    0.96,
    0.92,
    0.98,
    0.95,
    0.94,
    0.94,
    0.94,
    0.96,
    0.89,
    0.93,
    0.91,
    0.94,
    0.96,
    0.93,
    0.93,
    0.9,
    0.95,
    0.94,
    0.95,
    0.92,
    0.98,
    0.98,
    0.91,
    0.95,
    0.94,
    0.96,
    0.98,
    0.95,
    0.96,
    0.96,
    0.96,
    0.95,
    0.99,
    0.95,
    0.93,
    0.96,
    0.94
   ],
   "pher_deposition_time": 3.518084911963342,
   "sol cost mean recorded every ith iter": 20,
   "sol cost mean values": [
    1636180.9,
    1630124.3,
    1625835.2,
    1622678.9,
    1619682.4,
    1617172.1,
    1614461.6,
    1612182.0,
    1610238.1,
    1608505.7,
    1606492.8,
    1604838.3,
    1603634.7,
    1602395.1,
    1600923.0,
    1599961.4,
    1599017.1,
    1598279.3,
    1597234.2,
    1596446.8,
    1595616.1,
    1594947.1,
    1594339.6,
    1593678.4,
    1593173.3,
    1592602.4,
    1592126.4,
    1591483.1,
    1591139.6,
    1590593.0,
    1590293.6,
    1590131.8,
    1589908.0,
    1589608.9,
    1589301.0,
    1589125.2,
    1588744.8,
    1588454.4,
    1588091.2,
    1587682.9,
    1587636.5,
    1587455.1,
    1587309.1,
    1587163.5,
    1586955.8,
    1586724.6,
    1586674.5,
    1586578.0,
    1586530.5,
    1586513.5,
    1586343.4,
    1586302.4,
    1586219.4,
    1586117.5,
    1586092.3,
    1585875.8,
    1585715.1,
    1585643.0,
    1585572.3,
    1585410.1,
    1585386.2,
    1585214.9,
    1585137.9,
    1585103.3,
    1585108.5,
    1585046.9,
    1584979.1,
    1584967.3,
    1584762.9,
    1584671.1,
    1584604.6,
    1584535.5,
    1584526.2,
    1584403.1,
    1584408.6,
    1584399.5,
    1584351.1,
    1584317.2,
    1584194.1,
    1584002.1,
    1584030.0,
    1583946.0,
    1583918.0,
    1583834.1,
    1583782.2,
    1583762.1,
    1583767.8,
    1583714.5,
    1583699.1,
    1583678.4,
    1583656.8,
    1583601.2,
    1583516.2,
    1583503.0,
    1583469.1,
    1583466.1,
    1583380.1,
    1583368.0,
    1583375.5,
    1583300.2,
    1583344.5,
    1583259.5,
    1583242.1,
    1583274.7,
    1583239.1,
    1583181.8,
    1583137.1,
    1583144.6,
    1583122.3,
    1583042.1,
    1582938.2,
    1582822.2,
    1582752.2,
    1582661.0,
    1582700.6,
    1582668.8,
    1582664.1,
    1582664.6,
    1582616.5,
    1582638.4,
    1582606.5,
    1582591.0,
    1582516.1,
    1582568.2,
    1582438.3,
    1582499.4,
    1582468.0,
    1582470.9,
    1582407.2,
    1582431.7,
    1582409.0,
    1582457.9,
    1582418.5,
    1582408.8,
    1582459.4,
    1582407.3,
    1582427.9,
    1582338.8,
    1582380.5,
    1582348.4,
    1582317.6,
    1582330.5,
    1582305.7,
    1582349.2,
    1582283.5,
    1582313.5,
    1582330.0,
    1582229.3,
    1582245.4,
    1582217.1,
    1582241.3,
    1582224.2,
    1582104.0,
    1582113.2,
    1582128.6,
    1582138.3,
    1582149.3,
    1582117.6,
    1582109.7,
    1582051.9,
    1582092.3,
    1582066.4,
    1582080.6,
    1582025.2,
    1582026.5,
    1582021.3,
    1582037.6,
    1581990.0,
    1581977.9,
    1582029.2,
    1582014.6,
    1582025.5,
    1581971.8,
    1581998.5,
    1582053.7,
    1581962.7,
    1581978.3,
    1581843.7,
    1581898.6,
    1581894.3,
    1581800.3,
    1581665.3,
    1581725.4,
    1581674.5,
    1581685.7,
    1581653.0,
    1581663.4,
    1581608.7,
    1581587.8,
    1581584.0,
    1581562.1,
    1581470.2,
    1581565.2,
    1581521.8,
    1581529.7,
    1581517.9,
    1581548.6,
    1581494.1,
    1581499.4,
    1581494.8,
    1581450.3,
    1581427.1,
    1581461.9,
    1581386.1,
    1581419.3,
    1581361.9,
    1581384.4,
    1581435.3,
    1581425.0,
    1581390.9,
    1581408.4,
    1581388.7,
    1581415.3,
    1581426.3,
    1581402.4,
    1581403.3,
    1581350.6,
    1581379.1,
    1581374.5,
    1581279.3,
    1581392.1,
    1581358.0,
    1581316.7,
    1581327.6,
    1581349.9,
    1581312.7,
    1581340.8,
    1581312.6,
    1581301.4,
    1581316.4,
    1581324.4,
    1581285.3,
    1581292.4,
    1581391.5,
    1581295.7,
    1581352.0,
    1581279.2,
    1581305.7,
    1581310.3,
    1581301.5,
    1581337.8,
    1581284.0,
    1581232.8,
    1581326.5,
    1581301.7,
    1581302.5,
    1581264.4,
    1581247.1,
    1581296.8,
    1581270.7
   ],
   "sol cost stdev recorded every ith iter": 20,
   "sol cost stdev values": [
    199.8,
    392.4,
    450.0,
    410.8,
    453.4,
    535.9,
    445.4,
    499.4,
    482.4,
    488.0,
    486.3,
    556.1,
    474.9,
    497.8,
    461.8,
    528.2,
    517.4,
    560.2,
    557.0,
    477.5,
    489.0,
    502.1,
    494.7,
    512.9,
    607.5,
    491.7,
    535.8,
    509.6,
    529.5,
    528.7,
    514.1,
    528.2,
    546.4,
    500.8,
    550.2,
    538.7,
    538.1,
    555.3,
    535.0,
    471.7,
    542.6,
    517.7,
    557.1,
    533.2,
    636.8,
    487.7,
    524.6,
    557.4,
    542.3,
    590.6,
    483.6,
    550.6,
    569.2,
    558.5,
    553.1,
    513.7,
    507.5,
    589.9,
    516.8,
    510.1,
    548.6,
    516.8,
    546.4,
    526.4,
    597.1,
    575.4,
    494.2,
    523.6,
    543.4,
    523.1,
    496.1,
    546.7,
    724.8,
    488.0,
    531.7,
    526.1,
    520.9,
    530.1,
    537.2,
    534.0,
    545.9,
    533.0,
    568.3,
    586.2,
    533.6,
    523.9,
    564.1,
    520.3,
    544.8,
    537.2,
    558.4,
    557.6,
    532.3,
    582.4,
    542.8,
    513.0,
    552.2,
    567.2,
    555.3,
    508.4,
    538.4,
    539.3,
    555.6,
    557.8,
    552.4,
    555.9,
    495.8,
    586.2,
    568.0,
    501.7,
    541.1,
    544.5,
    552.9,
    511.8,
    537.3,
    511.8,
    500.6,
    574.2,
    485.9,
    536.0,
    551.3,
    518.7,
    544.5,
    627.6,
    502.3,
    518.6,
    590.7,
    540.3,
    548.3,
    505.2,
    538.4,
    574.8,
    548.3,
    512.6,
    609.8,
    611.7,
    585.1,
    513.1,
    512.0,
    522.9,
    574.1,
    562.7,
    536.8,
    568.4,
    559.7,
    556.0,
    553.9,
    491.3,
    554.8,
    515.3,
    548.7,
    560.2,
    512.2,
    522.0,
    566.5,
    570.9,
    590.3,
    590.0,
    592.5,
    587.4,
    570.4,
    555.9,
    589.2,
    522.5,
    546.8,
    566.4,
    604.1,
    551.9,
    529.0,
    545.7,
    562.6,
    585.9,
    513.1,
    512.3,
    587.8,
    557.2,
    548.5,
    479.1,
    536.2,
    511.5,
    561.9,
    540.9,
    572.3,
    557.7,
    588.1,
    571.7,
    547.4,
    571.3,
    554.3,
    578.9,
    536.8,
    481.8,
    565.2,
    512.7,
    579.2,
    538.0,
    525.8,
    540.8,
    566.1,
    555.8,
    568.1,
    540.3,
    575.1,
    523.2,
    564.7,
    505.6,
    592.1,
    550.0,
    571.6,
    549.4,
    583.1,
    519.6,
    558.3,
    571.9,
    573.6,
    558.1,
    522.4,
    525.2,
    627.7,
    462.3,
    595.4,
    523.4,
    543.7,
    545.6,
    586.1,
    554.4,
    560.4,
    482.0,
    490.5,
    506.3,
    526.2,
    537.2,
    537.2,
    643.8,
    556.6,
    587.4,
    516.8,
    544.6,
    536.8,
    567.9,
    565.1,
    552.6,
    452.1,
    576.8,
    567.5,
    528.8,
    492.3,
    505.8,
    533.5,
    508.6
   ],
   "started_at": "2024-11-04T04:11:58.961533422"
  }
 ],
 "nn and backup lists calc time": 0.7967080980000001,
 "trial max cost": 1580676,
 "trial max error": 0.48261885570001345,
 "trial mean cost": 1580676.0,
 "trial mean error": 0.48261885570001345,
 "trial min cost": 1580676,
 "trial min error": 0.48261885570001345,
 "trial time": 153.505176944
}