{
 "args": {
  "alg": "faco",
  "ants": 512,
  "backup list size": 64,
  "beta": 1.0,
  "cand list size": 16,
  "gbest as source prob": 0.01,
  "id": "default",
  "iterations": 5000,
  "local search": 1,
  "ls cand list size": 20,
  "min new edges": 8,
  "p best": 0.1,
  "picture": true,
  "problem": "instances/d15112.tsp",
  "repeat": 1,
  "results dir": "results",
  "rho": 0.5,
  "seed": 171881508,
  "threads": 0
 },
 "executions": [
  {
   "best sol cost iterations": [
    0,
    1,
    2,
    3,
    4,
    5,
    6,
    7,
    8,
    9,
    10,
    11,
    12,
    13,
    14,
    15,
    16,
    17,
    18,
    19,
    20,
    21,
    22,
    23,
    24,
    25,
    26,
    27,
    28,
    29,
    30,
    31,
    32,
    33,
    34,
    35,
    36,
    37,
    38,
    39,
    40,
    41,
    42,
    43,
    44,
    45,
    46,
    47,
    48,
    49,
    50,
    51,
    52,
    53,
    54,
    55,
    56,
    57,
    58,
    59,
    60,
    61,
    62,
    63,
    64,
    65,
    66,
    67,
    68,
    69,
    70,
    71,
    72,
    73,
    74,
    75,
    76,
    77,
    78,
    79,
    80,
    81,
    82,
    83,
    84,
    85,
    86,
    87,
    88,
    89,
    90,
    91,
    92,
    93,
    94,
    95,
    96,
    97,
    98,
    99,
    100,
    101,
    102,
    103,
    104,
    105,
    106,
    107,
    108,
    109,
    110,
    111,
    112,
    113,
    114,
    115,
    116,
    117,
    118,
    119,
    120,
    121,
    122,
    123,
    124,
    125,
    126,
    127,
    128,
    129,
    130,
    131,
    132,
    133,
    134,
    135,
    136,
    137,
    138,
    139,
    140,
    141,
    142,
    143,
    144,
    145,
    146,
    147,
    148,
    149,
    150,
    151,
    152,
    153,
    154,
    155,
    156,
    157,
    158,
    159,
    160,
    161,
    162,
    163,
    164,
    165,
    166,
    167,
    168,
    169,
    170,
    171,
    172,
    173,
    174,
    175,
    176,
    177,
    178,
    179,
    180,
    181,
    182,
    183,
    184,
    185,
    186,
    187,
    188,
    189,
    190,
    191,
    192,
    193,
    194,
    195,
    196,
    197,
    198,
    199,
    200,
    201,
    202,
    203,
    204,
    205,
    206,
    207,
    208,
    209,
    210,
    211,
    212,
    213,
    214,
    215,
    216,
    217,
    218,
    219,
    220,
    221,
    222,
    223,
    224,
    225,
    226,
    227,
    228,
    229,
    230,
    231,
    232,
    233,
    234,
    235,
    236,
    237,
    238,
    239,
    240,
    241,
    242,
    243,
    244,
    245,
    246,
    247,
    248,
    249,
    250,
    251,
    252,
    253,
    254,
    255,
    256,
    257,
    258,
    259,
    260,
    261,
    262,
    263,
    264,
    265,
    266,
    267,
    268,
    269,
    270,
    271,
    272,
    273,
    274,
    275,
    276,
    277,
    278,
    279,
    280,
    281,
    282,
    283,
    284,
    285,
    286,
    287,
    288,
    289,
    290,
    291,
    292,
    293,
    294,
    295,
    296,
    297,
    298,
    299,
    300,
    301,
    302,
    303,
    304,
    305,
    306,
    307,
    308,
    309,
    310,
    311,
    312,
    313,
    314,
    315,
    316,
    317,
    318,
    319,
    320,
    321,
    322,
    323,
    324,
    325,
    326,
    327,
    328,
    329,
    330,
    331,
    332,
    333,
    334,
    335,
    336,
    337,
    338,
    339,
    340,
    341,
    342,
    343,
    344,
    345,
    346,
    347,
    348,
    349,
    350,
    351,
    352,
    353,
    354,
    355,
    356,
    357,
    358,
    359,
    360,
    361,
    362,
    363,
    364,
    365,
    366,
    367,
    368,
    369,
    370,
    371,
    372,
    373,
    374,
    375,
    376,
    377,
    378,
    379,
    380,
    381,
    382,
    383,
    384,
    385,
    386,
    387,
    388,
    389,
    391,
    392,
    393,
    394,
    395,
    396,
    397,
    398,
    399,
    400,
    401,
    402,
    403,
    404,
    405,
    406,
    407,
    408,
    409,
    410,
    411,
    412,
    413,
    414,
    415,
    416,
    418,
    420,
    421,
    422,
    423,
    424,
    425,
    426,
    427,
    428,
    429,
    430,
    431,
    432,
    433,
    434,
    435,
    436,
    437,
    438,
    439,
    440,
    441,
    442,
    443,
    444,
    445,
    446,
    447,
    448,
    449,
    450,
    451,
    453,
    454,
    455,
    456,
    457,
    458,
    459,
    460,
    461,
    463,
    464,
    465,
    466,
    467,
    468,
    469,
    471,
    473,
    474,
    475,
    476,
    477,
    478,
    479,
    481,
    483,
    484,
    485,
    486,
    487,
    488,
    489,
    490,
    491,
    492,
    493,
    494,
    495,
    496,
    498,
    499,
    500,
    501,
    502,
    503,
    504,
    505,
    506,
    507,
    508,
    509,
    510,
    511,
    512,
    513,
    514,
    515,
    516,
    517,
    518,
    519,
    520,
    522,
    523,
    524,
    525,
    526,
    527,
    528,
    529,
    530,
    531,
    532,
    533,
    534,
    536,
    537,
    538,
    539,
    540,
    542,
    543,
    544,
    545,
    546,
    547,
    548,
    549,
    550,
    551,
    552,
    553,
    554,
    555,
    556,
    557,
    558,
    559,
    560,
    561,
    562,
    564,
    565,
    566,
    567,
    568,
    569,
    570,
    571,
    572,
    573,
    574,
    575,
    576,
    577,
    578,
    579,
    580,
    581,
    583,
    584,
    585,
    586,
    587,
    588,
    589,
    590,
    591,
    592,
    593,
    594,
    595,
    596,
    597,
    598,
    599,
    600,
    601,
    602,
    603,
    604,
    605,
    606,
    607,
    608,
    611,
    612,
    613,
    614,
    615,
    616,
    617,
    618,
    619,
    620,
    621,
    622,
    623,
    624,
    625,
    626,
    627,
    628,
    630,
    632,
    633,
    635,
    636,
    637,
    638,
    639,
    640,
    641,
    642,
    643,
    644,
    647,
    648,
    650,
    651,
    652,
    653,
    654,
    655,
    656,
    657,
    658,
    660,
    665,
    666,
    667,
    668,
    669,
    670,
    671,
    672,
    673,
    675,
    676,
    678,
    679,
    681,
    683,
    685,
    686,
    687,
    688,
    691,
    692,
    693,
    694,
    695,
    696,
    698,
    699,
    701,
    704,
    705,
    706,
    710,
    711,
    712,
    713,
    714,
    715,
    716,
    718,
    720,
    721,
    722,
    723,
    725,
    726,
    727,
    728,
    729,
    732,
    733,
    734,
    736,
    740,
    741,
    742,
    743,
    744,
    745,
    746,
    749,
    750,
    751,
    752,
    753,
    754,
    755,
    756,
    757,
    758,
    760,
    761,
    762,
    763,
    764,
    766,
    768,
    769,
    772,
    775,
    776,
    780,
    781,
    783,
    784,
    787,
    789,
    792,
    793,
    794,
    795,
    796,
    800,
    801,
    803,
    804,
    806,
    807,
    808,
    809,
    810,
    811,
    814,
    816,
    818,
    819,
    821,
    826,
    828,
    829,
    831,
    832,
    833,
    834,
    835,
    836,
    840,
    841,
    848,
    849,
    850,
    852,
    853,
    855,
    857,
    859,
    862,
    866,
    868,
    869,
    870,
    871,
    873,
    874,
    877,
    882,
    885,
    886,
    888,
    890,
    895,
    897,
    898,
    900,
    902,
    905,
    906,
    907,
    909,
    910,
    915,
    918,
    920,
    923,
    928,
    929,
    932,
    933,
    937,
    939,
    947,
    948,
    951,
    952,
    953,
    954,
    959,
    961,
    962,
    963,
    964,
    965,
    966,
    968,
    969,
    972,
    975,
    980,
    990,
    994,
    995,
    996,
    997,
    1002,
    1003,
    1004,
    1006,
    1007,
    1011,
    1013,
    1015,
    1017,
    1019,
    1020,
    1023,
    1024,
    1026,
    1028,
    1031,
    1038,
    1039,
    1041,
    1043,
    1044,
    1046,
    1047,
    1050,
    1051,
    1059,
    1060,
    1068,
    1077,
    1078,
    1088,
    1091,
    1093,
    1096,
    1100,
    1102,
    1111,
    1116,
    1119,
    1120,
    1122,
    1123,
    1124,
    1128,
    1131,
    1137,
    1144,
    1147,
    1151,
    1153,
    1154,
    1159,
    1160,
    1162,
    1166,
    1173,
    1180,
    1182,
    1183,
    1184,
    1186,
    1188,
    1195,
    1199,
    1202,
    1207,
    1209,
    1210,
    1212,
    1213,
    1214,
    1215,
    1220,
    1221,
    1222,
    1224,
    1225,
    1233,
    1236,
    1242,
    1245,
    1262,
    1270,
    1272,
    1276,
    1284,
    1285,
    1287,
    1290,
    1293,
    1294,
    1304,
    1311,
    1315,
    1321,
    1324,
    1328,
    1334,
    1338,
    1356,
    1360,
    1367,
    1369,
    1371,
    1372,
    1373,
    1378,
    1379,
    1385,
    1386,
    1387,
    1389,
    1393,
    1401,
    1405,
    1406,
    1411,
    1418,
    1419,
    1420,
    1421,
    1426,
    1436,
    1447,
    1448,
    1457,
    1458,
    1463,
    1465,
    1467,
    1473,
    1479,
    1485,
    1493,
    1494,
    1507,
    1509,
    1516,
    1538,
    1544,
    1546,
    1549,
    1554,
    1555,
    1565,
    1567,
    1574,
    1579,
    1584,
    1590,
    1591,
    1602,
    1605,
    1615,
    1616,
    1620,
    1621,
    1628,
    1632,
    1646,
    1649,
    1655,
    1664,
    1665,
    1668,
    1672,
    1677,
    1708,
    1711,
    1724,
    1730,
    1732,
    1737,
    1741,
    1748,
    1759,
    1762,
    1765,
    1769,
    1771,
    1783,
    1789,
    1798,
    1803,
    1805,
    1807,
    1810,
    1816,
    1817,
    1826,
    1850,
    1855,
    1858,
    1889,
    1892,
    1951,
    1960,
    1964,
    1965,
    1967,
    1978,
    1983,
    1992,
    1997,
    1999,
    2007,
    2011,
    2013,
    2016,
    2017,
    2035,
    2037,
    2038,
    2039,
    2047,
    2051,
    2052,
    2055,
    2059,
    2060,
    2062,
    2089,
    2095,
    2097,
    2108,
    2117,
    2118,
    2131,
    2135,
    2161,
    2166,
    2167,
    2171,
    2172,
    2178,
    2180,
    2185,
    2191,
    2213,
    2222,
    2249,
    2263,
    2265,
    2275,
    2295,
    2296,
    2299,
    2300,
    2308,
    2331,
    2334,
    2335,
    2343,
    2380,
    2420,
    2423,
    2431,
    2441,
    2490,
    2494,
    2501,
    2503,
    2520,
    2522,
    2527,
    2528,
    2539,
    2545,
    2549,
    2558,
    2569,
    2583,
    2675,
    2687,
    2690,
    2699,
    2720,
    2731,
    2744,
    2763,
    2772,
    2799,
    2853,
    2854,
    2856,
    2938,
    2951,
    2957,
    2971,
    2972,
    2988,
    3018,
    3023,
    3038,
    3041,
    3077,
    3086,
    3094,
    3096,
    3104,
    3106,
    3109,
    3155,
    3176,
    3177,
    3230,
    3247,
    3307,
    3363,
    3389,
    3404,
    3434,
    3487,
    3550,
    3641,
    3664,
    3872,
    3889,
    3928,
    3952,
    3965,
    3972,
    3987,
    4006,
    4008,
    4072,
    4074,
    4087,
    4138,
    4192,
    4276,
    4389,
    4409,
    4439,
    4453,
    4499,
    4506,
    4578,
    4582,
    4604,
    4623,
    4651,
    4689,
    4779,
    4815,
    4856
   ],
   "best sol cost times": [
    0.089356,
    0.118417,
    0.141592,
    0.165297,
    0.191009,
    0.216246,
    0.245843,
    0.274894,
    0.306845,
    0.339955,
    0.369403,
    0.403488,
    0.43613,
    0.46595,
    0.495915,
    0.524475,
    0.554,
    0.582379,
    0.612998,
    0.640947,
    0.675513,
    0.710233,
    0.738473,
    0.76808,
    0.79703,
    0.825519,
    0.860828,
    0.893554,
    0.923855,
    0.952476,
    0.980971,
    1.009776,
    1.048748,
    1.078213,
    1.108034,
    1.137799,
    1.166865,
    1.196719,
    1.224559,
    1.253382,
    1.281976,
    1.314883,
    1.344809,
    1.376164,
    1.407372,
    1.43522,
    1.469803,
    1.498597,
    1.527429,
    1.556148,
    1.589565,
    1.619857,
    1.648995,
    1.679503,
    1.707673,
    1.737111,
    1.765684,
    1.794592,
    1.836719,
    1.867878,
    1.896369,
    1.925218,
    1.957042,
    1.986763,
    2.017957,
    2.057114,
    2.088057,
    2.124121,
    2.159326,
    2.190136,
    2.21862,
    2.250581,
    2.279585,
    2.311086,
    2.340214,
    2.370048,
    2.410086,
    2.456373,
    2.50477,
    2.554474,
    2.59929,
    2.642958,
    2.67192,
    2.70134,
    2.73084,
    2.762116,
    2.805887,
    2.837198,
    2.86736,
    2.89642,
    2.926915,
    2.956954,
    2.985971,
    3.013972,
    3.04602,
    3.08161,
    3.112103,
    3.141023,
    3.171561,
    3.202199,
    3.231404,
    3.265036,
    3.296593,
    3.327481,
    3.356684,
    3.389889,
    3.443479,
    3.47866,
    3.517339,
    3.546763,
    3.578606,
    3.613056,
    3.64417,
    3.677219,
    3.709593,
    3.741445,
    3.775332,
    3.811941,
    3.892886,
    4.037763,
    4.101208,
    4.139716,
    4.169394,
    4.200943,
    4.233058,
    4.263574,
    4.295391,
    4.326086,
    4.35429,
    4.386924,
    4.416864,
    4.446153,
    4.474167,
    4.504707,
    4.535504,
    4.566033,
    4.595117,
    4.625813,
    4.656056,
    4.686666,
    4.715979,
    4.746617,
    4.777224,
    4.80668,
    4.836723,
    4.869374,
    4.898675,
    4.928769,
    4.958406,
    4.994343,
    5.027809,
    5.058203,
    5.08866,
    5.119058,
    5.161677,
    5.193636,
    5.226055,
    5.255304,
    5.291109,
    5.3237,
    5.354358,
    5.38838,
    5.417983,
    5.447291,
    5.47723,
    5.508311,
    5.537501,
    5.573077,
    5.628016,
    5.676258,
    5.725724,
    5.774543,
    5.807009,
    5.836633,
    5.866549,
    5.89589,
    5.926541,
    5.955958,
    5.986606,
    6.016805,
    6.047929,
    6.077988,
    6.108647,
    6.139598,
    6.178576,
    6.210278,
    6.240767,
    6.271137,
    6.302189,
    6.331665,
    6.361609,
    6.393356,
    6.424663,
    6.45492,
    6.485053,
    6.515716,
    6.545447,
    6.576607,
    6.607039,
    6.636922,
    6.667673,
    6.696851,
    6.726277,
    6.756666,
    6.787277,
    6.82387,
    6.864768,
    6.897713,
    6.92812,
    6.958305,
    6.988632,
    7.018463,
    7.048935,
    7.078656,
    7.10894,
    7.138921,
    7.170689,
    7.209346,
    7.241635,
    7.273084,
    7.308388,
    7.33823,
    7.369107,
    7.403783,
    7.435285,
    7.470306,
    7.499657,
    7.529684,
    7.55957,
    7.589961,
    7.620019,
    7.649666,
    7.679528,
    7.70884,
    7.738587,
    7.769028,
    7.79878,
    7.838619,
    7.869373,
    7.899166,
    7.929316,
    7.959753,
    7.994262,
    8.048587,
    8.090715,
    8.13278,
    8.180312,
    8.226223,
    8.262392,
    8.292461,
    8.331325,
    8.361601,
    8.396983,
    8.428003,
    8.458592,
    8.489436,
    8.528865,
    8.565888,
    8.595624,
    8.624711,
    8.656123,
    8.68799,
    8.728928,
    8.77156,
    8.815871,
    8.865864,
    8.911092,
    8.957267,
    9.011223,
    9.070778,
    9.155931,
    9.223451,
    9.299325,
    9.349185,
    9.388494,
    9.433575,
    9.491075,
    9.551796,
    9.611005,
    9.675569,
    9.732615,
    9.799314,
    9.857016,
    9.923484,
    9.964751,
    10.006979,
    10.060581,
    10.129053,
    10.180901,
    10.240273,
    10.298998,
    10.350193,
    10.39474,
    10.436309,
    10.537908,
    10.616552,
    10.725226,
    10.830082,
    10.961276,
    11.059507,
    11.157452,
    11.251042,
    11.358926,
    11.43576,
    11.500231,
    11.564419,
    11.642746,
    11.755207,
    11.888066,
    11.993528,
    12.090622,
    12.177859,
    12.242026,
    12.335955,
    12.4495,
    12.555183,
    12.625728,
    12.701488,
    12.809421,
    12.940284,
    13.026295,
    13.100957,
    13.21254,
    13.308378,
    13.389445,
    13.497976,
    13.562249,
    13.619172,
    13.680689,
    13.738264,
    13.817769,
    13.873439,
    13.956088,
    14.027154,
    14.081148,
    14.122832,
    14.176513,
    14.215056,
    14.253794,
    14.289019,
    14.329108,
    14.372252,
    14.423979,
    14.465068,
    14.502481,
    14.541174,
    14.582194,
    14.61476,
    14.684084,
    14.848858,
    14.937862,
    15.012861,
    15.054083,
    15.096245,
    15.134238,
    15.183814,
    15.221717,
    15.257654,
    15.295043,
    15.333906,
    15.371873,
    15.424347,
    15.46689,
    15.504636,
    15.536705,
    15.568476,
    15.602066,
    15.632113,
    15.670847,
    15.704267,
    15.734395,
    15.768033,
    15.799985,
    15.830014,
    15.860849,
    15.895124,
    15.930493,
    15.965334,
    16.003581,
    16.039792,
    16.081947,
    16.115951,
    16.163283,
    16.205447,
    16.242322,
    16.280604,
    16.316636,
    16.35605,
    16.395189,
    16.445383,
    16.524123,
    16.561174,
    16.593271,
    16.631803,
    16.668296,
    16.697564,
    16.731602,
    16.764327,
    16.796327,
    16.827545,
    16.85795,
    16.888403,
    16.929055,
    16.961413,
    16.99954,
    17.055765,
    17.136679,
    17.19242,
    17.250732,
    17.30521,
    17.347468,
    17.387658,
    17.43413,
    17.474454,
    17.524627,
    17.574893,
    17.643377,
    17.717254,
    17.748351,
    17.779647,
    17.810495,
    17.841901,
    17.873021,
    17.908946,
    17.940113,
    17.971876,
    18.007494,
    18.063504,
    18.108486,
    18.169872,
    18.209231,
    18.245532999999998,
    18.284399,
    18.334373,
    18.37185,
    18.433034,
    18.476268,
    18.52303,
    18.566293,
    18.608196,
    18.656358,
    18.690025,
    18.723018,
    18.753538,
    18.784232,
    18.816266,
    18.849078,
    18.879762,
    18.91666,
    18.981225,
    19.015627,
    19.053751,
    19.090673,
    19.125891,
    19.172534,
    19.213428,
    19.25163,
    19.286609,
    19.365904,
    19.410519,
    19.452568,
    19.490892,
    19.531276,
    19.573659,
    19.607125,
    19.681808,
    19.744399,
    19.776339,
    19.806484,
    19.838594,
    19.871927,
    19.904573,
    19.950198,
    20.015613,
    20.100316,
    20.136276,
    20.183814,
    20.221588,
    20.276878,
    20.327526,
    20.382867,
    20.442255,
    20.513908,
    20.562262,
    20.600925,
    20.631925,
    20.672048,
    20.703278,
    20.76497,
    20.796179,
    20.827671,
    20.861482,
    20.894125,
    20.930788,
    20.971355,
    21.003903,
    21.034075,
    21.082316,
    21.135513,
    21.18048,
    21.215828,
    21.25416,
    21.294572,
    21.333819,
    21.372899,
    21.415193,
    21.460134,
    21.495918,
    21.536295,
    21.579719,
    21.615769,
    21.696472,
    21.737003,
    21.771043,
    21.802399,
    21.834253,
    21.867269,
    21.898228,
    21.933972,
    21.965561,
    21.99781,
    22.02912,
    22.063106,
    22.109479,
    22.217638,
    22.253434,
    22.292615,
    22.332759,
    22.372967,
    22.459798,
    22.494133,
    22.530191,
    22.56479,
    22.612154,
    22.650737,
    22.693214,
    22.72757,
    22.759528,
    22.790995,
    22.822678,
    22.853762,
    22.885928,
    22.918838,
    22.956299,
    22.987498,
    23.018684,
    23.052136,
    23.08268,
    23.179252,
    23.252659,
    23.331009,
    23.381319,
    23.41705,
    23.46148,
    23.497475,
    23.534226,
    23.569803,
    23.613248,
    23.665147,
    23.705662,
    23.737152,
    23.768374,
    23.79849,
    23.844956,
    23.95617,
    23.992403,
    24.025854,
    24.067149,
    24.148416,
    24.198134,
    24.251625,
    24.31199,
    24.362575,
    24.418809,
    24.489079,
    24.549267,
    24.596825,
    24.641871,
    24.684712,
    24.723082,
    24.754622,
    24.784511,
    24.816683,
    24.847795,
    24.882363,
    24.916151,
    24.962002,
    24.992978,
    25.02514,
    25.058536,
    25.090216,
    25.125532,
    25.179914,
    25.243443,
    25.372816,
    25.413125,
    25.458114,
    25.495769,
    25.533077,
    25.570468,
    25.611729,
    25.653122,
    25.691076,
    25.730847,
    25.763257,
    25.796195,
    25.828618,
    25.861403,
    25.897552,
    25.930904,
    25.968161,
    26.00338,
    26.071245,
    26.131738,
    26.172638,
    26.257972,
    26.298281,
    26.33665,
    26.377107,
    26.417432,
    26.457225,
    26.508794,
    26.546718,
    26.581309,
    26.620578,
    26.743721,
    26.774643,
    26.837887,
    26.86938,
    26.901231,
    26.937656,
    26.977717,
    27.008637,
    27.03917,
    27.071763,
    27.102741,
    27.18243,
    27.421554,
    27.45784,
    27.503305,
    27.546858,
    27.60074,
    27.649916,
    27.703316,
    27.760024,
    27.809919,
    27.880212,
    27.912722,
    27.981046,
    28.012107,
    28.077608,
    28.139572,
    28.233642,
    28.274191,
    28.331342,
    28.375025,
    28.502163,
    28.539086,
    28.579288,
    28.618222,
    28.65636,
    28.70002,
    28.778446,
    28.809968,
    28.873177,
    28.978025,
    29.011692,
    29.044474,
    29.170847,
    29.220926,
    29.268861,
    29.306346,
    29.342252,
    29.381564,
    29.420541,
    29.49968,
    29.57873,
    29.616774,
    29.652414,
    29.691661,
    29.78848,
    29.821221,
    29.853483,
    29.884301,
    29.916725,
    30.015296,
    30.048982,
    30.081119,
    30.149601,
    30.321667,
    30.367038,
    30.405171,
    30.451258,
    30.499638,
    30.539518,
    30.577174,
    30.697996,
    30.749983,
    30.789218,
    30.831465,
    30.862246,
    30.895139,
    30.933742,
    30.964847,
    31.001414,
    31.033503,
    31.09788,
    31.129023,
    31.161304,
    31.197657,
    31.244801,
    31.337411,
    31.419896,
    31.457022,
    31.640337,
    31.83519,
    31.881762,
    32.031711,
    32.065231,
    32.130743,
    32.162928,
    32.26547,
    32.424286,
    32.543566,
    32.581031,
    32.618393,
    32.656658,
    32.693772,
    32.856051,
    32.898748,
    32.973968,
    33.006768,
    33.080144,
    33.112281,
    33.144238,
    33.17627,
    33.20692,
    33.237943,
    33.337056,
    33.414471,
    33.49619,
    33.539724,
    33.620647,
    33.81886,
    33.897333,
    33.939368,
    34.027882,
    34.062082,
    34.093607,
    34.124748,
    34.164121,
    34.196877,
    34.334757,
    34.368887,
    34.675539,
    34.713609,
    34.757517,
    34.895983,
    34.95669,
    35.071446,
    35.13526,
    35.200542,
    35.301423,
    35.429023,
    35.496343,
    35.537519,
    35.576246,
    35.616757,
    35.690884,
    35.735588,
    35.866277,
    36.056684,
    36.173436,
    36.204768,
    36.268749,
    36.33951,
    36.503257,
    36.571021,
    36.607492,
    36.682226,
    36.75566,
    36.873815,
    36.913448,
    36.957695,
    37.043259,
    37.081852,
    37.260342,
    37.375418,
    37.443716,
    37.550792,
    37.730833,
    37.767899,
    37.884401,
    37.921304,
    38.082163,
    38.169948,
    38.454028,
    38.489539,
    38.590997,
    38.627131,
    38.664271,
    38.712793,
    39.014975,
    39.102839,
    39.144491,
    39.182649,
    39.220378,
    39.265834,
    39.30525,
    39.377068,
    39.410619,
    39.503821,
    39.609829,
    39.797173,
    40.205709,
    40.369623,
    40.403934,
    40.434773,
    40.466695,
    40.695027,
    40.746071,
    40.790468,
    40.882506,
    40.922739,
    41.10103,
    41.1716,
    41.244953,
    41.340494,
    41.408461,
    41.439385,
    41.526947,
    41.561513,
    41.643752,
    41.727719,
    41.841469,
    42.191219,
    42.241483,
    42.324247,
    42.410978,
    42.453646,
    42.512877,
    42.544577,
    42.649617,
    42.678735,
    42.982886,
    43.019358,
    43.325058,
    43.635935,
    43.667752,
    44.013193,
    44.125228,
    44.195996,
    44.308196,
    44.454522,
    44.539374,
    44.83295,
    44.993787,
    45.11509,
    45.151698,
    45.235188,
    45.28395,
    45.325558,
    45.481975,
    45.616236,
    45.801044,
    46.164284,
    46.31013,
    46.482498,
    46.589082,
    46.731645,
    46.892769,
    46.923377,
    46.998319,
    47.164835,
    47.431418,
    47.699554,
    47.777369,
    47.811591,
    47.849323,
    47.923686,
    47.985133,
    48.202207,
    48.35862,
    48.486842,
    48.688891,
    48.762712,
    48.806174,
    48.894169,
    48.926859,
    48.957221,
    48.988718,
    49.146472,
    49.184273,
    49.230792,
    49.347006,
    49.404652,
    49.701516,
    49.817047,
    50.059615,
    50.158913,
    50.851026,
    51.243595,
    51.307932,
    51.460421,
    51.847722,
    51.897412,
    51.976893,
    52.075989,
    52.24068,
    52.283723,
    52.71984,
    53.105432,
    53.330965,
    53.54438,
    53.657132,
    53.90763,
    54.143724,
    54.293536,
    55.179326,
    55.329618,
    55.55645,
    55.617757,
    55.696453,
    55.849657,
    55.907773,
    56.110441,
    56.159507,
    56.400851,
    56.453792,
    56.505971,
    56.604418,
    56.782157,
    57.136527,
    57.394137,
    57.475332,
    57.72038,
    57.972742,
    58.007877,
    58.064495,
    58.116348,
    58.384849,
    59.303846,
    60.86392,
    61.040069,
    62.27577,
    62.431481,
    62.91753,
    63.121457,
    63.312429,
    64.09469,
    64.886635,
    65.459453,
    66.101905,
    66.168536,
    67.416477,
    67.66841,
    68.336147,
    70.63745,
    71.108286,
    71.294356,
    71.57627,
    72.065794,
    72.186947,
    73.307154,
    73.487997,
    73.906834,
    74.234728,
    74.61683,
    75.080725,
    75.159461,
    75.992667,
    76.204803,
    76.900527,
    76.998525,
    77.264175,
    77.332603,
    77.88735,
    78.270044,
    79.426904,
    79.675098,
    80.247359,
    80.929508,
    80.987543,
    81.127525,
    81.288004,
    81.503786,
    82.890713,
    83.004248,
    83.564193,
    83.872697,
    83.98072,
    84.176073,
    84.381443,
    84.785144,
    85.315767,
    85.460282,
    85.559679,
    85.933525,
    86.05788,
    87.776131,
    88.345081,
    89.222614,
    89.830738,
    90.136013,
    90.35798,
    90.713444,
    91.514078,
    91.69276,
    92.967777,
    94.877898,
    95.204329,
    95.362837,
    97.52672,
    97.694136,
    100.971892,
    101.478239,
    102.065101,
    102.190529,
    102.397462,
    103.751202,
    104.095471,
    104.519505,
    104.752303,
    104.837019,
    105.195112,
    105.365957,
    105.52880999999999,
    105.848028,
    105.921782,
    106.64246,
    106.715326,
    106.755609,
    106.793181,
    107.254499,
    107.434886,
    107.483671,
    107.612198,
    107.803138,
    107.881435,
    108.012894,
    109.321382,
    109.767839,
    109.882026,
    111.021717,
    111.756623,
    111.806147,
    112.56533399999999,
    112.737801,
    113.747983,
    113.943208,
    113.972715,
    114.095805,
    114.127451,
    114.407884,
    114.517094,
    114.720196,
    114.930693,
    115.66478,
    115.983057,
    117.227458,
    117.986888,
    118.084841,
    118.482682,
    119.382881,
    119.42903,
    119.664675,
    119.706987,
    119.987369,
    120.988745,
    121.115896,
    121.174396,
    121.546325,
    122.76759,
    124.254509,
    124.427392,
    124.914568,
    125.346389,
    127.757326,
    127.908959,
    128.125355,
    128.18945,
    128.875227,
    128.959423,
    129.16756,
    129.197483,
    129.555025,
    129.768734,
    129.930436,
    130.227869,
    130.582278,
    131.080667,
    134.890412,
    135.810458,
    136.09016,
    136.811158,
    137.71128,
    138.069405,
    138.618421,
    139.388748,
    139.690826,
    140.61631,
    142.791574,
    142.847847,
    142.979282,
    145.866387,
    146.381958,
    146.608105,
    147.138972,
    147.181012,
    147.720114,
    148.803453,
    148.987532,
    149.499054,
    149.623433,
    151.103302,
    151.459641,
    152.093346,
    152.336291,
    153.082616,
    153.157689,
    153.342573,
    155.3265,
    156.117747,
    156.154231,
    158.845262,
    159.487125,
    161.988889,
    165.309937,
    166.924169,
    167.574589,
    168.68275,
    170.462109,
    172.71235,
    176.573279,
    178.143917,
    186.971721,
    187.615881,
    188.974815,
    189.902728,
    190.381649,
    190.634823,
    191.364261,
    192.3013,
    192.403261,
    195.429539,
    195.513445,
    195.977,
    198.064175,
    199.976405,
    203.002682,
    207.176026,
    208.084501,
    209.165909,
    209.658795,
    211.564235,
    211.818045,
    214.663814,
    214.919688,
    216.007175,
    216.679898,
    217.676023,
    219.375797,
    224.057157,
    225.468557,
    227.171473
   ],
   "best sol cost values": [
    1634624.0,
    1634398.0,
    1634204.0,
    1634032.0,
    1633731.0,
    1633457.0,
    1633242.0,
    1633036.0,
    1632769.0,
    1632593.0,
    1632410.0,
    1632169.0,
    1631998.0,
    1631622.0,
    1631452.0,
    1631193.0,
    1630962.0,
    1630664.0,
    1630490.0,
    1630335.0,
    1630155.0,
    1630011.0,
    1629617.0,
    1629347.0,
    1629074.0,
    1628813.0,
    1628652.0,
    1628074.0,
    1627907.0,
    1627681.0,
    1627488.0,
    1627213.0,
    1627040.0,
    1626925.0,
    1626678.0,
    1626299.0,
    1625981.0,
    1625714.0,
    1625591.0,
    1625284.0,
    1624882.0,
    1624557.0,
    1624379.0,
    1624193.0,
    1623872.0,
    1623752.0,
    1623553.0,
    1623338.0,
    1623168.0,
    1622946.0,
    1622877.0,
    1622712.0,
    1622612.0,
    1622493.0,
    1622285.0,
    1622146.0,
    1622025.0,
    1621905.0,
    1621806.0,
    1621657.0,
    1621533.0,
    1621424.0,
    1621332.0,
    1621244.0,
    1621054.0,
    1620890.0,
    1620737.0,
    1620608.0,
    1620511.0,
    1620470.0,
    1620349.0,
    1620230.0,
    1620103.0,
    1619932.0,
    1619843.0,
    1619669.0,
    1619539.0,
    1619310.0,
    1619105.0,
    1618928.0,
    1618827.0,
    1618721.0,
    1618576.0,
    1618373.0,
    1618221.0,
    1618106.0,
    1617899.0,
    1617794.0,
    1617625.0,
    1617485.0,
    1617433.0,
    1617238.0,
    1617033.0,
    1616870.0,
    1616775.0,
    1616627.0,
    1616504.0,
    1616378.0,
    1616241.0,
    1616144.0,
    1615971.0,
    1615741.0,
    1615676.0,
    1615519.0,
    1615384.0,
    1615209.0,
    1615120.0,
    1614985.0,
    1614884.0,
    1614806.0,
    1614647.0,
    1614482.0,
    1614440.0,
    1614353.0,
    1614223.0,
    1614081.0,
    1614016.0,
    1613898.0,
    1613805.0,
    1613696.0,
    1613586.0,
    1613513.0,
    1613446.0,
    1613297.0,
    1613210.0,
    1613131.0,
    1613060.0,
    1612952.0,
    1612806.0,
    1612727.0,
    1612632.0,
    1612530.0,
    1612483.0,
    1612358.0,
    1612152.0,
    1612015.0,
    1611917.0,
    1611858.0,
    1611761.0,
    1611687.0,
    1611558.0,
    1611490.0,
    1611284.0,
    1611238.0,
    1611135.0,
    1611056.0,
    1610831.0,
    1610726.0,
    1610661.0,
    1610561.0,
    1610489.0,
    1610431.0,
    1610327.0,
    1610227.0,
    1610051.0,
    1609910.0,
    1609843.0,
    1609767.0,
    1609696.0,
    1609594.0,
    1609422.0,
    1609223.0,
    1609173.0,
    1609096.0,
    1609073.0,
    1609007.0,
    1608929.0,
    1608857.0,
    1608765.0,
    1608723.0,
    1608644.0,
    1608593.0,
    1608422.0,
    1608345.0,
    1608091.0,
    1608018.0,
    1607908.0,
    1607861.0,
    1607767.0,
    1607636.0,
    1607582.0,
    1607422.0,
    1607399.0,
    1607360.0,
    1607092.0,
    1607044.0,
    1606960.0,
    1606891.0,
    1606833.0,
    1606771.0,
    1606722.0,
    1606663.0,
    1606587.0,
    1606517.0,
    1606461.0,
    1606385.0,
    1606345.0,
    1606311.0,
    1606269.0,
    1606209.0,
    1606111.0,
    1606019.0,
    1605882.0,
    1605714.0,
    1605648.0,
    1605584.0,
    1605533.0,
    1605527.0,
    1605493.0,
    1605430.0,
    1605390.0,
    1605344.0,
    1605301.0,
    1605236.0,
    1605147.0,
    1605061.0,
    1605020.0,
    1604935.0,
    1604869.0,
    1604835.0,
    1604758.0,
    1604706.0,
    1604637.0,
    1604613.0,
    1604561.0,
    1604524.0,
    1604467.0,
    1604398.0,
    1604369.0,
    1604358.0,
    1604276.0,
    1604227.0,
    1604018.0,
    1603960.0,
    1603870.0,
    1603800.0,
    1603749.0,
    1603692.0,
    1603605.0,
    1603534.0,
    1603489.0,
    1603384.0,
    1603335.0,
    1603290.0,
    1603148.0,
    1603036.0,
    1602969.0,
    1602914.0,
    1602840.0,
    1602770.0,
    1602590.0,
    1602540.0,
    1602472.0,
    1602399.0,
    1602293.0,
    1602247.0,
    1602233.0,
    1602212.0,
    1602143.0,
    1602131.0,
    1602090.0,
    1602043.0,
    1601956.0,
    1601930.0,
    1601836.0,
    1601796.0,
    1601729.0,
    1601614.0,
    1601577.0,
    1601525.0,
    1601512.0,
    1601502.0,
    1601486.0,
    1601429.0,
    1601373.0,
    1601335.0,
    1601314.0,
    1601269.0,
    1601183.0,
    1601145.0,
    1601084.0,
    1601012.0,
    1600988.0,
    1600961.0,
    1600882.0,
    1600835.0,
    1600803.0,
    1600776.0,
    1600739.0,
    1600724.0,
    1600687.0,
    1600661.0,
    1600607.0,
    1600533.0,
    1600473.0,
    1600440.0,
    1600425.0,
    1600387.0,
    1600369.0,
    1600283.0,
    1600257.0,
    1600193.0,
    1600138.0,
    1600087.0,
    1600037.0,
    1599906.0,
    1599863.0,
    1599829.0,
    1599764.0,
    1599672.0,
    1599619.0,
    1599588.0,
    1599517.0,
    1599486.0,
    1599441.0,
    1599362.0,
    1599324.0,
    1599256.0,
    1599230.0,
    1599182.0,
    1599081.0,
    1598991.0,
    1598953.0,
    1598828.0,
    1598804.0,
    1598767.0,
    1598729.0,
    1598658.0,
    1598647.0,
    1598641.0,
    1598545.0,
    1598512.0,
    1598496.0,
    1598448.0,
    1598318.0,
    1598292.0,
    1598276.0,
    1598227.0,
    1598198.0,
    1598106.0,
    1598017.0,
    1597964.0,
    1597940.0,
    1597880.0,
    1597807.0,
    1597791.0,
    1597756.0,
    1597724.0,
    1597706.0,
    1597675.0,
    1597632.0,
    1597610.0,
    1597578.0,
    1597502.0,
    1597469.0,
    1597459.0,
    1597377.0,
    1597339.0,
    1597322.0,
    1597246.0,
    1597212.0,
    1597159.0,
    1597140.0,
    1597114.0,
    1597076.0,
    1597037.0,
    1597014.0,
    1596991.0,
    1596976.0,
    1596911.0,
    1596876.0,
    1596869.0,
    1596867.0,
    1596812.0,
    1596777.0,
    1596665.0,
    1596648.0,
    1596629.0,
    1596617.0,
    1596578.0,
    1596565.0,
    1596537.0,
    1596497.0,
    1596447.0,
    1596390.0,
    1596378.0,
    1596367.0,
    1596316.0,
    1596286.0,
    1596272.0,
    1596233.0,
    1596203.0,
    1596171.0,
    1596150.0,
    1596091.0,
    1596063.0,
    1595972.0,
    1595958.0,
    1595922.0,
    1595908.0,
    1595888.0,
    1595871.0,
    1595847.0,
    1595787.0,
    1595753.0,
    1595721.0,
    1595707.0,
    1595647.0,
    1595634.0,
    1595604.0,
    1595563.0,
    1595544.0,
    1595528.0,
    1595482.0,
    1595453.0,
    1595430.0,
    1595386.0,
    1595349.0,
    1595342.0,
    1595313.0,
    1595297.0,
    1595286.0,
    1595256.0,
    1595245.0,
    1595136.0,
    1595079.0,
    1594966.0,
    1594951.0,
    1594913.0,
    1594884.0,
    1594880.0,
    1594864.0,
    1594828.0,
    1594819.0,
    1594801.0,
    1594759.0,
    1594678.0,
    1594626.0,
    1594619.0,
    1594579.0,
    1594550.0,
    1594525.0,
    1594488.0,
    1594421.0,
    1594387.0,
    1594329.0,
    1594309.0,
    1594294.0,
    1594278.0,
    1594227.0,
    1594166.0,
    1594151.0,
    1594135.0,
    1594117.0,
    1593978.0,
    1593947.0,
    1593925.0,
    1593879.0,
    1593856.0,
    1593848.0,
    1593778.0,
    1593756.0,
    1593714.0,
    1593698.0,
    1593674.0,
    1593598.0,
    1593590.0,
    1593549.0,
    1593445.0,
    1593418.0,
    1593405.0,
    1593378.0,
    1593370.0,
    1593350.0,
    1593310.0,
    1593289.0,
    1593271.0,
    1593242.0,
    1593231.0,
    1593184.0,
    1593170.0,
    1593139.0,
    1593126.0,
    1593118.0,
    1593113.0,
    1593062.0,
    1592992.0,
    1592926.0,
    1592893.0,
    1592886.0,
    1592770.0,
    1592747.0,
    1592712.0,
    1592692.0,
    1592637.0,
    1592614.0,
    1592584.0,
    1592565.0,
    1592564.0,
    1592519.0,
    1592512.0,
    1592463.0,
    1592448.0,
    1592425.0,
    1592396.0,
    1592377.0,
    1592369.0,
    1592350.0,
    1592318.0,
    1592292.0,
    1592260.0,
    1592229.0,
    1592208.0,
    1592139.0,
    1592123.0,
    1592107.0,
    1592098.0,
    1592068.0,
    1592056.0,
    1592051.0,
    1592044.0,
    1592039.0,
    1592000.0,
    1591976.0,
    1591959.0,
    1591924.0,
    1591879.0,
    1591873.0,
    1591862.0,
    1591856.0,
    1591831.0,
    1591801.0,
    1591764.0,
    1591746.0,
    1591723.0,
    1591711.0,
    1591704.0,
    1591650.0,
    1591621.0,
    1591563.0,
    1591551.0,
    1591535.0,
    1591528.0,
    1591520.0,
    1591510.0,
    1591498.0,
    1591490.0,
    1591484.0,
    1591470.0,
    1591459.0,
    1591445.0,
    1591430.0,
    1591409.0,
    1591383.0,
    1591360.0,
    1591326.0,
    1591313.0,
    1591290.0,
    1591270.0,
    1591259.0,
    1591250.0,
    1591239.0,
    1591221.0,
    1591167.0,
    1591157.0,
    1591116.0,
    1591099.0,
    1591096.0,
    1591054.0,
    1591049.0,
    1591017.0,
    1591009.0,
    1590990.0,
    1590979.0,
    1590977.0,
    1590959.0,
    1590952.0,
    1590943.0,
    1590911.0,
    1590872.0,
    1590854.0,
    1590838.0,
    1590826.0,
    1590783.0,
    1590773.0,
    1590766.0,
    1590762.0,
    1590741.0,
    1590733.0,
    1590731.0,
    1590728.0,
    1590695.0,
    1590683.0,
    1590675.0,
    1590638.0,
    1590628.0,
    1590618.0,
    1590610.0,
    1590580.0,
    1590541.0,
    1590532.0,
    1590531.0,
    1590524.0,
    1590514.0,
    1590508.0,
    1590485.0,
    1590452.0,
    1590429.0,
    1590415.0,
    1590414.0,
    1590381.0,
    1590374.0,
    1590356.0,
    1590311.0,
    1590277.0,
    1590262.0,
    1590232.0,
    1590180.0,
    1590168.0,
    1590155.0,
    1590093.0,
    1590086.0,
    1590069.0,
    1590063.0,
    1590047.0,
    1589962.0,
    1589924.0,
    1589923.0,
    1589908.0,
    1589904.0,
    1589859.0,
    1589834.0,
    1589809.0,
    1589791.0,
    1589769.0,
    1589768.0,
    1589731.0,
    1589712.0,
    1589697.0,
    1589669.0,
    1589662.0,
    1589657.0,
    1589573.0,
    1589537.0,
    1589530.0,
    1589519.0,
    1589490.0,
    1589462.0,
    1589452.0,
    1589423.0,
    1589386.0,
    1589345.0,
    1589342.0,
    1589325.0,
    1589306.0,
    1589294.0,
    1589290.0,
    1589262.0,
    1589249.0,
    1589241.0,
    1589234.0,
    1589212.0,
    1589209.0,
    1589206.0,
    1589201.0,
    1589198.0,
    1589189.0,
    1589165.0,
    1589140.0,
    1589119.0,
    1589105.0,
    1589083.0,
    1589043.0,
    1589009.0,
    1589003.0,
    1588990.0,
    1588987.0,
    1588970.0,
    1588959.0,
    1588955.0,
    1588936.0,
    1588932.0,
    1588928.0,
    1588927.0,
    1588810.0,
    1588748.0,
    1588730.0,
    1588705.0,
    1588692.0,
    1588667.0,
    1588659.0,
    1588656.0,
    1588648.0,
    1588640.0,
    1588637.0,
    1588625.0,
    1588585.0,
    1588579.0,
    1588555.0,
    1588540.0,
    1588539.0,
    1588515.0,
    1588501.0,
    1588499.0,
    1588488.0,
    1588486.0,
    1588482.0,
    1588407.0,
    1588405.0,
    1588397.0,
    1588392.0,
    1588377.0,
    1588316.0,
    1588285.0,
    1588266.0,
    1588211.0,
    1588191.0,
    1588143.0,
    1588112.0,
    1588105.0,
    1588098.0,
    1588061.0,
    1588048.0,
    1588000.0,
    1587999.0,
    1587988.0,
    1587957.0,
    1587949.0,
    1587920.0,
    1587914.0,
    1587837.0,
    1587832.0,
    1587763.0,
    1587745.0,
    1587728.0,
    1587711.0,
    1587707.0,
    1587704.0,
    1587696.0,
    1587681.0,
    1587630.0,
    1587622.0,
    1587615.0,
    1587598.0,
    1587569.0,
    1587565.0,
    1587560.0,
    1587539.0,
    1587517.0,
    1587497.0,
    1587474.0,
    1587428.0,
    1587421.0,
    1587408.0,
    1587384.0,
    1587367.0,
    1587354.0,
    1587322.0,
    1587312.0,
    1587300.0,
    1587282.0,
    1587268.0,
    1587251.0,
    1587243.0,
    1587226.0,
    1587190.0,
    1587189.0,
    1587185.0,
    1587183.0,
    1587150.0,
    1587146.0,
    1587121.0,
    1587118.0,
    1587090.0,
    1587022.0,
    1587004.0,
    1586972.0,
    1586964.0,
    1586952.0,
    1586938.0,
    1586929.0,
    1586919.0,
    1586918.0,
    1586911.0,
    1586901.0,
    1586892.0,
    1586883.0,
    1586880.0,
    1586871.0,
    1586867.0,
    1586846.0,
    1586817.0,
    1586794.0,
    1586785.0,
    1586782.0,
    1586768.0,
    1586767.0,
    1586759.0,
    1586719.0,
    1586679.0,
    1586670.0,
    1586666.0,
    1586633.0,
    1586621.0,
    1586607.0,
    1586589.0,
    1586582.0,
    1586581.0,
    1586576.0,
    1586559.0,
    1586543.0,
    1586529.0,
    1586522.0,
    1586514.0,
    1586508.0,
    1586483.0,
    1586464.0,
    1586461.0,
    1586449.0,
    1586437.0,
    1586434.0,
    1586432.0,
    1586418.0,
    1586373.0,
    1586357.0,
    1586355.0,
    1586336.0,
    1586334.0,
    1586330.0,
    1586309.0,
    1586304.0,
    1586286.0,
    1586285.0,
    1586241.0,
    1586231.0,
    1586218.0,
    1586207.0,
    1586196.0,
    1586189.0,
    1586188.0,
    1586180.0,
    1586175.0,
    1586168.0,
    1586158.0,
    1586148.0,
    1586141.0,
    1586113.0,
    1586089.0,
    1586085.0,
    1586075.0,
    1586070.0,
    1586044.0,
    1586042.0,
    1586035.0,
    1586026.0,
    1586025.0,
    1585984.0,
    1585982.0,
    1585957.0,
    1585928.0,
    1585917.0,
    1585897.0,
    1585757.0,
    1585751.0,
    1585746.0,
    1585742.0,
    1585708.0,
    1585705.0,
    1585694.0,
    1585692.0,
    1585685.0,
    1585679.0,
    1585655.0,
    1585638.0,
    1585624.0,
    1585599.0,
    1585586.0,
    1585572.0,
    1585548.0,
    1585539.0,
    1585517.0,
    1585510.0,
    1585507.0,
    1585471.0,
    1585468.0,
    1585432.0,
    1585430.0,
    1585428.0,
    1585426.0,
    1585423.0,
    1585407.0,
    1585399.0,
    1585381.0,
    1585379.0,
    1585358.0,
    1585347.0,
    1585338.0,
    1585331.0,
    1585327.0,
    1585317.0,
    1585284.0,
    1585276.0,
    1585255.0,
    1585254.0,
    1585244.0,
    1585241.0,
    1585232.0,
    1585228.0,
    1585227.0,
    1585198.0,
    1585189.0,
    1585159.0,
    1585141.0,
    1585137.0,
    1585136.0,
    1585135.0,
    1585120.0,
    1585104.0,
    1585097.0,
    1585093.0,
    1585081.0,
    1585036.0,
    1584993.0,
    1584991.0,
    1584989.0,
    1584987.0,
    1584943.0,
    1584937.0,
    1584922.0,
    1584911.0,
    1584906.0,
    1584900.0,
    1584879.0,
    1584866.0,
    1584857.0,
    1584852.0,
    1584841.0,
    1584823.0,
    1584813.0,
    1584739.0,
    1584730.0,
    1584727.0,
    1584721.0,
    1584720.0,
    1584690.0,
    1584684.0,
    1584666.0,
    1584660.0,
    1584656.0,
    1584653.0,
    1584646.0,
    1584626.0,
    1584608.0,
    1584601.0,
    1584590.0,
    1584589.0,
    1584583.0,
    1584541.0,
    1584521.0,
    1584515.0,
    1584495.0,
    1584493.0,
    1584486.0,
    1584416.0,
    1584399.0,
    1584391.0,
    1584353.0,
    1584349.0,
    1584332.0,
    1584331.0,
    1584316.0,
    1584310.0,
    1584306.0,
    1584292.0,
    1584287.0,
    1584277.0,
    1584271.0,
    1584261.0,
    1584227.0,
    1584222.0,
    1584220.0,
    1584207.0,
    1584186.0,
    1584185.0,
    1584175.0,
    1584169.0,
    1584165.0,
    1584153.0,
    1584149.0,
    1584135.0,
    1584130.0,
    1584127.0,
    1584114.0,
    1584079.0,
    1584068.0,
    1584001.0,
    1583998.0,
    1583994.0,
    1583979.0,
    1583976.0,
    1583960.0,
    1583938.0,
    1583836.0,
    1583833.0,
    1583821.0,
    1583803.0,
    1583800.0,
    1583786.0,
    1583777.0,
    1583765.0,
    1583758.0,
    1583742.0,
    1583728.0,
    1583718.0,
    1583713.0,
    1583695.0,
    1583648.0,
    1583632.0,
    1583630.0,
    1583614.0,
    1583588.0,
    1583568.0,
    1583557.0,
    1583535.0,
    1583489.0,
    1583472.0,
    1583466.0,
    1583448.0,
    1583375.0,
    1583367.0,
    1583362.0,
    1583268.0,
    1583249.0,
    1583241.0,
    1583236.0,
    1583210.0,
    1583193.0,
    1583157.0,
    1583154.0,
    1583140.0,
    1583139.0,
    1583130.0,
    1583128.0,
    1583127.0,
    1583112.0,
    1583109.0,
    1583095.0,
    1583089.0,
    1583079.0,
    1583077.0,
    1583075.0,
    1583058.0,
    1583034.0,
    1583028.0,
    1582979.0,
    1582965.0,
    1582939.0,
    1582915.0,
    1582898.0,
    1582872.0,
    1582865.0,
    1582852.0,
    1582847.0,
    1582817.0,
    1582813.0,
    1582805.0,
    1582782.0,
    1582781.0,
    1582772.0,
    1582770.0,
    1582762.0,
    1582757.0,
    1582751.0,
    1582729.0,
    1582709.0,
    1582639.0,
    1582618.0,
    1582614.0,
    1582612.0,
    1582611.0,
    1582595.0,
    1582588.0,
    1582578.0,
    1582575.0,
    1582567.0,
    1582556.0,
    1582533.0,
    1582484.0,
    1582472.0,
    1582466.0,
    1582459.0,
    1582452.0,
    1582449.0,
    1582427.0,
    1582422.0,
    1582418.0,
    1582407.0,
    1582398.0,
    1582361.0,
    1582354.0,
    1582334.0,
    1582326.0,
    1582323.0,
    1582321.0,
    1582286.0,
    1582282.0,
    1582251.0,
    1582236.0,
    1582235.0,
    1582230.0,
    1582217.0,
    1582203.0,
    1582197.0,
    1582161.0,
    1582155.0,
    1582150.0,
    1582144.0,
    1582126.0,
    1582111.0,
    1582108.0,
    1582107.0,
    1582074.0,
    1582044.0,
    1581999.0,
    1581971.0,
    1581956.0,
    1581938.0,
    1581920.0,
    1581917.0,
    1581905.0,
    1581900.0,
    1581882.0,
    1581855.0,
    1581825.0,
    1581824.0,
    1581823.0,
    1581816.0,
    1581803.0,
    1581792.0,
    1581787.0,
    1581781.0,
    1581772.0,
    1581733.0,
    1581718.0,
    1581697.0,
    1581675.0,
    1581664.0,
    1581654.0,
    1581646.0,
    1581621.0,
    1581605.0,
    1581604.0,
    1581580.0,
    1581565.0,
    1581549.0,
    1581547.0,
    1581536.0,
    1581535.0,
    1581502.0,
    1581500.0,
    1581488.0,
    1581478.0,
    1581477.0,
    1581470.0,
    1581469.0
   ],
   "execution time": 233.06974645300002,
   "final cost": 1581469.0,
   "final error": 0.5330293868604601,
   "finished_at": "2024-11-04T02:53:24.508213666",
   "initial sol cost": 1634828.0,
   "initial solutions build time": 0.25264237100000003,
   "mean percent of select next node calls recorded every ith iter": 20,
   "mean percent of select next node calls values": [
    0.13,
    0.88,
    0.93,
    0.93,
    0.88,
    0.9,
    0.88,
    0.91,
    0.91,
    0.92,
    0.93,
    0.92,
    0.92,
    0.9,
    0.91,
    0.95,
    0.93,
    0.95,
    0.92,
    0.95,
    0.95,
    0.97,
    0.95,
    0.92,
    0.89,
    0.92,
    0.95,
    0.97,
    0.95,
    0.91,
    0.97,
    0.95,
    0.94,
    0.93,
    0.94,
    0.92,
    0.94,
    0.94,
    0.95,
    0.96,
    0.96,
    0.98,
    0.96,
    0.94,
    0.93,
    0.93,
    0.95,
    0.96,
    0.95,
    0.91,
    0.94,
    0.92,
    0.95,
    0.94,
    0.94,
    0.96,
    0.91,
    0.94,
    0.93,
    0.95,
    0.94,
    0.95,
    0.97,
    0.95,
    0.93,
    0.95,
    0.96,
    0.95,
    0.94,
    0.95,
    0.99,
    0.94,
    0.94,
    0.96,
    0.93,
    0.96,
    0.97,
    0.92,
    0.95,
    0.95,
    0.93,
    0.94,
    0.98,
    0.98,
    0.96,
    0.98,
    0.92,
    0.93,
    0.95,
    0.94,
    0.98,
    0.93,
    0.94,
    0.95,
    0.96,
    0.9,
    0.94,
    0.97,
    0.83,
    0.95,
    0.92,
    0.95,
    0.99,
    0.91,
    0.91,
    0.96,
    0.94,
    0.91,
    0.95,
    0.96,
    0.95,
    0.93,
    0.95,
    0.95,
    0.96,
    0.96,
    0.97,
    0.96,
    0.97,
    0.96,
    0.91,
    0.94,
    0.93,
    0.94,
    0.97,
    0.93,
    0.94,
    0.91,
    0.95,
    0.94,
    0.95,
    0.95,
    0.94,
    0.96,
    0.94,
    0.96,
    0.95,
    0.97,
    0.94,
    0.92,
    0.96,
    0.95,
    0.96,
    0.93,
    0.92,
    0.97,
    0.92,
    0.96,
    0.94,
    0.95,
    0.95,
    0.95,
    0.94,
    0.98,
    0.93,
    0.97,
    0.95,
    0.93,
    0.95,
    0.91,
    0.94,
    0.91,
    0.97,
    0.95,
    0.94,
    0.97,
    0.95,
    0.93,
    0.93,
    0.96,
    0.95,
    0.91,
    0.94,
    0.93,
    0.95,
    0.98,
    0.94,
    0.95,
    0.95,
    0.93,
    0.96,
    0.96,
    0.97,
    0.95,
    0.93,
    0.95,
    0.92,
    0.92,
    0.95,
    0.93,
    0.96,
    0.94,
    0.95,
    0.94,
    0.97,
    0.93,
    0.95,
    0.96,
    0.98,
    0.92,
    0.95,
    0.96,
    0.94,
    0.95,
    0.95,
    0.94,
    0.98,
    0.95,
    0.95,
    0.95,
    0.93,
    0.97,
    0.93,
    0.96,
    0.94,
    0.95,
    0.92,
    0.95,
    0.92,
    0.93,
    0.95,
    0.93,
    0.92,
    0.94,
    0.96,
    0.93,
    0.96,
    0.98,
    0.92,
    0.95,
    0.95,
    0.94,
    0.94,
    0.94,
    0.93,
    0.94,
    0.94,
    0.98,
    0.93,
    0.94,
    0.93,
    0.98,
    0.94,
    0.95,
    0.94,
    0.96,
    0.94,
    0.95,
    0.97,
    0.94
   ],
   "pher_deposition_time": 5.052442561995576,
   "sol cost mean recorded every ith iter": 20,
   "sol cost mean values": [
    1635039.9,
    1630749.6,
    1625725.7,
    1622153.0,
    1619406.2,
    1616661.0,
    1614180.3,
    1612219.5,
    1610145.6,
    1608165.4,
    1606797.8,
    1605390.8,
    1604091.8,
    1602646.5,
    1601703.9,
    1600882.3,
    1599753.7,
    1598688.1,
    1597772.1,
    1597138.6,
    1596492.6,
    1595950.8,
    1595246.9,
    1594577.7,
    1593944.7,
    1593473.4,
    1592852.9,
    1592478.6,
    1592078.2,
    1591708.9,
    1591361.9,
    1591117.0,
    1590739.2,
    1590381.9,
    1590027.9,
    1589789.4,
    1589569.1,
    1589325.8,
    1589056.4,
    1588817.6,
    1588568.1,
    1588238.5,
    1588004.4,
    1587923.2,
    1587737.9,
    1587514.5,
    1587491.3,
    1587374.2,
    1587270.2,
    1587114.5,
    1587082.3,
    1586928.8,
    1586845.9,
    1586735.1,
    1586706.5,
    1586668.4,
    1586605.5,
    1586355.3,
    1586286.4,
    1586211.7,
    1586088.2,
    1586051.8,
    1585917.6,
    1585938.7,
    1585881.3,
    1585808.4,
    1585761.0,
    1585696.9,
    1585706.4,
    1585545.1,
    1585512.9,
    1585429.1,
    1585318.9,
    1585313.2,
    1585283.7,
    1585199.1,
    1585200.3,
    1585151.5,
    1585107.2,
    1584951.1,
    1584905.3,
    1584906.9,
    1584885.6,
    1584845.1,
    1584796.1,
    1584820.5,
    1584703.6,
    1584778.9,
    1584682.1,
    1584566.0,
    1584587.5,
    1584382.4,
    1584368.5,
    1584370.7,
    1584346.2,
    1584362.2,
    1584318.6,
    1584301.2,
    1584327.7,
    1584229.8,
    1584155.9,
    1583991.5,
    1583898.2,
    1583778.0,
    1583766.9,
    1583720.2,
    1583721.6,
    1583676.6,
    1583710.2,
    1583698.0,
    1583547.9,
    1583461.9,
    1583558.2,
    1583462.3,
    1583474.4,
    1583459.3,
    1583381.2,
    1583378.1,
    1583421.4,
    1583358.3,
    1583332.0,
    1583318.1,
    1583241.1,
    1583226.1,
    1583245.8,
    1583210.8,
    1583167.6,
    1583137.1,
    1583052.9,
    1583046.2,
    1583098.9,
    1583052.4,
    1583049.8,
    1583117.5,
    1583098.7,
    1583043.6,
    1583045.3,
    1583020.1,
    1582976.2,
    1582969.4,
    1582931.9,
    1582931.1,
    1582964.0,
    1582939.6,
    1582920.6,
    1582976.6,
    1582940.8,
    1582918.4,
    1582821.3,
    1582837.7,
    1582831.0,
    1582835.3,
    1582815.7,
    1582778.5,
    1582813.2,
    1582715.9,
    1582691.3,
    1582702.9,
    1582696.7,
    1582619.9,
    1582607.9,
    1582626.0,
    1582569.5,
    1582584.6,
    1582553.5,
    1582541.5,
    1582559.5,
    1582528.3,
    1582576.6,
    1582523.4,
    1582561.4,
    1582556.8,
    1582506.8,
    1582551.7,
    1582520.8,
    1582486.1,
    1582473.9,
    1582512.6,
    1582459.8,
    1582461.8,
    1582460.1,
    1582482.3,
    1582473.1,
    1582465.0,
    1582443.4,
    1582450.4,
    1582474.3,
    1582439.6,
    1582442.8,
    1582420.5,
    1582467.6,
    1582404.7,
    1582477.5,
    1582464.4,
    1582418.2,
    1582406.0,
    1582433.0,
    1582426.1,
    1582419.3,
    1582347.6,
    1582411.5,
    1582323.4,
    1582336.3,
    1582359.3,
    1582252.1,
    1582249.2,
    1582317.7,
    1582248.0,
    1582283.3,
    1582303.6,
    1582279.4,
    1582254.7,
    1582255.6,
    1582255.5,
    1582250.3,
    1582227.0,
    1582247.7,
    1582220.0,
    1582192.7,
    1582238.0,
    1582193.7,
    1582172.6,
    1582193.3,
    1582145.7,
    1582239.5,
    1582233.2,
    1582124.5,
    1582153.3,
    1582137.1,
    1582143.5,
    1582181.5,
    1582161.2,
    1582068.9,
    1582102.7,
    1582070.9,
    1582069.4,
    1582075.2,
    1582112.0,
    1582099.7,
    1582064.9,
    1582101.1,
    1582121.7,
    1582098.4,
    1582045.1,
    1582100.6,
    1582076.4,
    1582096.0,
    1582114.5,
    1582128.2,
    1582118.3
   ],
   "sol cost stdev recorded every ith iter": 20,
   "sol cost stdev values": [
    214.8,
    394.4,
    395.2,
    517.0,
    409.9,
    496.9,
    425.6,
    466.0,
    481.9,
    449.0,
    514.4,
    487.2,
    514.6,
    444.6,
    485.8,
    528.4,
    508.9,
    522.5,
    470.7,
    466.1,
    472.6,
    488.4,
    506.4,
    540.5,
    532.5,
    518.1,
    478.0,
    521.7,
    540.2,
    569.0,
    484.4,
    485.8,
    522.8,
    567.2,
    525.3,
    535.4,
    510.6,
    591.4,
    523.3,
    522.1,
    495.8,
    542.8,
    500.2,
    568.8,
    511.0,
    483.4,
    508.7,
    565.0,
    530.9,
    519.1,
    547.6,
    489.1,
    546.8,
    516.1,
    564.1,
    537.3,
    532.2,
    510.0,
    520.8,
    521.8,
    509.5,
    572.7,
    504.0,
    538.6,
    529.9,
    551.8,
    498.4,
    507.9,
    553.2,
    554.7,
    555.4,
    537.3,
    505.4,
    563.7,
    561.7,
    507.2,
    527.3,
    524.4,
    530.3,
    529.0,
    603.8,
    539.4,
    558.1,
    560.5,
    522.2,
    603.1,
    458.3,
    578.6,
    511.3,
    509.8,
    574.5,
    528.3,
    522.4,
    535.2,
    519.2,
    529.7,
    524.0,
    489.7,
    553.6,
    519.7,
    538.3,
    541.3,
    541.8,
    555.4,
    593.0,
    514.0,
    569.6,
    490.6,
    541.8,
    596.5,
    548.3,
    474.4,
    531.3,
    522.5,
    534.5,
    547.4,
    519.7,
    581.2,
    535.7,
    552.9,
    535.0,
    505.4,
    502.8,
    531.3,
    541.6,
    505.6,
    486.0,
    517.3,
    497.9,
    497.3,
    581.2,
    517.7,
    527.3,
    558.6,
    575.2,
    533.5,
    539.8,
    530.3,
    492.1,
    541.0,
    527.9,
    520.6,
    513.0,
    535.2,
    526.8,
    603.2,
    516.9,
    563.1,
    516.5,
    512.3,
    513.1,
    552.7,
    541.4,
    556.7,
    574.7,
    510.7,
    552.9,
    519.3,
    538.0,
    520.5,
    514.5,
    542.7,
    528.6,
    559.9,
    483.4,
    506.1,
    647.2,
    502.5,
    553.0,
    558.6,
    566.5,
    579.1,
    539.5,
    580.5,
    511.6,
    533.7,
    506.7,
    520.4,
    536.9,
    530.5,
    557.5,
    536.4,
    508.8,
    581.3,
    500.9,
    587.1,
    579.0,
    531.9,
    521.0,
    518.1,
    605.2,
    497.4,
    597.5,
    576.8,
    545.7,
    532.4,
    515.0,
    538.0,
    540.4,
    499.2,
    547.5,
    537.5,
    508.1,
    584.6,
    513.2,
    488.2,
    577.7,
    503.5,
    577.2,
    575.3,
    566.5,
    516.8,
    530.4,
    552.6,
    558.2,
    510.5,
    579.8,
    556.6,
    495.4,
    583.1,
    508.9,
    488.8,
    527.6,
    516.0,
    601.8,
    580.3,
    478.8,
    529.7,
    483.4,
    519.3,
    560.8,
    553.1,
    506.0,
    515.9,
    523.1,
    566.7,
    513.7,
    574.2,
    525.4,
    495.3,
    539.1,
    601.6,
    535.5,
    467.1,
    591.4,
    530.5,
    541.4,
    548.4,
    619.6,
    564.9
   ],
   "started_at": "2024-11-04T02:49:31.438296053"
  }
 ],
 "nn and backup lists calc time": 0.953750457,
 "trial max cost": 1581469,
 "trial max error": 0.5330293868604601,
 "trial mean cost": 1581469.0,
 "trial mean error": 0.5330293868604601,
 "trial min cost": 1581469,
 "trial min error": 0.5330293868604601,
 "trial time": 233.07004346300002
}