{
 "args": {
  "alg": "faco",
  "ants": 512,
  "backup list size": 64,
  "beta": 1.0,
  "cand list size": 16,
  "gbest as source prob": 0.01,
  "id": "default",
  "iterations": 5000,
  "local search": 1,
  "ls cand list size": 20,
  "min new edges": 8,
  "p best": 0.1,
  "picture": true,
  "problem": "instances/d15112.tsp",
  "repeat": 1,
  "results dir": "results",
  "rho": 0.5,
  "seed": 3825368857,
  "threads": 0
 },
 "executions": [
  {
   "best sol cost iterations": [
    0,
    1,
    2,
    3,
    4,
    5,
    6,
    7,
    8,
    9,
    10,
    11,
    12,
    13,
    14,
    15,
    16,
    17,
    18,
    19,
    20,
    21,
    22,
    23,
    24,
    25,
    26,
    27,
    28,
    29,
    30,
    31,
    32,
    33,
    34,
    35,
    36,
    37,
    38,
    39,
    40,
    41,
    42,
    43,
    44,
    45,
    46,
    47,
    48,
    49,
    50,
    51,
    52,
    53,
    54,
    55,
    56,
    57,
    58,
    59,
    60,
    61,
    62,
    63,
    64,
    65,
    66,
    67,
    68,
    69,
    70,
    71,
    72,
    73,
    74,
    75,
    76,
    77,
    78,
    79,
    80,
    81,
    82,
    83,
    84,
    85,
    86,
    87,
    88,
    89,
    90,
    91,
    92,
    93,
    94,
    95,
    96,
    97,
    98,
    99,
    100,
    101,
    102,
    103,
    104,
    105,
    106,
    107,
    108,
    109,
    110,
    111,
    112,
    113,
    114,
    115,
    116,
    117,
    118,
    119,
    120,
    121,
    122,
    123,
    124,
    125,
    126,
    127,
    128,
    129,
    130,
    131,
    132,
    133,
    134,
    135,
    136,
    137,
    138,
    139,
    140,
    141,
    142,
    143,
    144,
    145,
    146,
    147,
    148,
    149,
    150,
    151,
    152,
    153,
    154,
    155,
    156,
    157,
    158,
    159,
    160,
    161,
    162,
    163,
    164,
    165,
    166,
    167,
    168,
    169,
    170,
    171,
    172,
    173,
    174,
    175,
    176,
    177,
    178,
    179,
    180,
    181,
    182,
    183,
    184,
    185,
    186,
    187,
    188,
    189,
    190,
    191,
    192,
    193,
    194,
    195,
    196,
    197,
    198,
    199,
    200,
    201,
    202,
    203,
    204,
    205,
    206,
    207,
    208,
    209,
    210,
    211,
    212,
    213,
    214,
    215,
    216,
    217,
    218,
    219,
    220,
    221,
    222,
    223,
    224,
    225,
    226,
    227,
    228,
    229,
    230,
    231,
    232,
    233,
    234,
    235,
    236,
    237,
    238,
    239,
    240,
    241,
    242,
    243,
    244,
    245,
    246,
    247,
    248,
    249,
    250,
    251,
    252,
    253,
    254,
    255,
    256,
    257,
    258,
    259,
    260,
    261,
    262,
    263,
    264,
    265,
    266,
    267,
    268,
    269,
    270,
    271,
    272,
    273,
    274,
    275,
    276,
    277,
    278,
    279,
    280,
    281,
    282,
    283,
    284,
    285,
    286,
    287,
    288,
    289,
    290,
    291,
    292,
    293,
    294,
    295,
    296,
    297,
    298,
    299,
    300,
    301,
    302,
    303,
    304,
    305,
    306,
    307,
    308,
    309,
    310,
    311,
    312,
    313,
    314,
    315,
    316,
    317,
    318,
    319,
    320,
    321,
    322,
    323,
    324,
    325,
    326,
    327,
    328,
    329,
    330,
    331,
    332,
    333,
    334,
    335,
    336,
    337,
    338,
    339,
    340,
    341,
    342,
    343,
    344,
    345,
    346,
    347,
    348,
    349,
    350,
    351,
    352,
    353,
    354,
    355,
    356,
    357,
    358,
    359,
    360,
    361,
    362,
    363,
    364,
    365,
    366,
    367,
    368,
    369,
    370,
    371,
    372,
    373,
    374,
    375,
    376,
    377,
    378,
    379,
    381,
    382,
    383,
    384,
    385,
    386,
    387,
    388,
    389,
    390,
    391,
    392,
    393,
    394,
    395,
    396,
    397,
    398,
    399,
    400,
    401,
    402,
    403,
    404,
    405,
    406,
    407,
    408,
    409,
    410,
    411,
    412,
    413,
    414,
    415,
    416,
    417,
    418,
    419,
    420,
    421,
    422,
    423,
    424,
    425,
    426,
    428,
    429,
    430,
    431,
    432,
    433,
    434,
    435,
    436,
    437,
    438,
    439,
    440,
    441,
    442,
    443,
    444,
    445,
    446,
    447,
    448,
    449,
    450,
    451,
    452,
    453,
    455,
    456,
    457,
    458,
    459,
    460,
    461,
    462,
    463,
    464,
    465,
    467,
    468,
    469,
    470,
    472,
    473,
    474,
    475,
    477,
    478,
    479,
    480,
    481,
    482,
    483,
    484,
    486,
    487,
    488,
    489,
    490,
    491,
    492,
    494,
    495,
    496,
    497,
    498,
    499,
    500,
    501,
    502,
    503,
    504,
    505,
    506,
    507,
    508,
    509,
    510,
    511,
    512,
    513,
    514,
    515,
    516,
    517,
    518,
    519,
    520,
    521,
    522,
    523,
    524,
    525,
    526,
    527,
    528,
    529,
    530,
    531,
    532,
    533,
    534,
    535,
    536,
    537,
    538,
    540,
    541,
    542,
    543,
    544,
    545,
    546,
    547,
    548,
    549,
    550,
    551,
    552,
    553,
    554,
    555,
    556,
    557,
    558,
    559,
    560,
    561,
    562,
    563,
    564,
    565,
    566,
    567,
    568,
    569,
    570,
    571,
    572,
    573,
    574,
    576,
    577,
    578,
    579,
    580,
    581,
    582,
    583,
    584,
    585,
    586,
    587,
    588,
    589,
    590,
    592,
    594,
    595,
    596,
    597,
    598,
    599,
    600,
    601,
    602,
    603,
    604,
    605,
    606,
    607,
    608,
    609,
    610,
    611,
    613,
    614,
    615,
    616,
    617,
    619,
    620,
    621,
    622,
    624,
    625,
    626,
    628,
    629,
    631,
    632,
    634,
    635,
    636,
    637,
    638,
    639,
    640,
    641,
    642,
    643,
    644,
    645,
    646,
    647,
    648,
    649,
    651,
    652,
    654,
    655,
    656,
    657,
    658,
    659,
    660,
    661,
    662,
    663,
    664,
    665,
    666,
    667,
    668,
    669,
    670,
    671,
    672,
    673,
    674,
    675,
    676,
    677,
    678,
    679,
    680,
    681,
    682,
    683,
    684,
    686,
    687,
    688,
    689,
    691,
    692,
    693,
    694,
    696,
    697,
    698,
    699,
    700,
    701,
    702,
    703,
    704,
    705,
    709,
    710,
    711,
    712,
    713,
    715,
    716,
    717,
    718,
    720,
    722,
    723,
    724,
    725,
    728,
    729,
    731,
    732,
    733,
    734,
    736,
    738,
    739,
    740,
    742,
    743,
    744,
    745,
    746,
    747,
    748,
    749,
    750,
    751,
    752,
    754,
    755,
    756,
    757,
    758,
    760,
    762,
    765,
    766,
    770,
    772,
    773,
    774,
    777,
    779,
    782,
    783,
    786,
    787,
    789,
    791,
    793,
    794,
    797,
    800,
    803,
    804,
    805,
    807,
    813,
    815,
    819,
    820,
    825,
    826,
    834,
    837,
    838,
    839,
    840,
    843,
    844,
    845,
    849,
    850,
    851,
    855,
    856,
    857,
    859,
    864,
    865,
    867,
    868,
    870,
    872,
    873,
    879,
    885,
    891,
    893,
    895,
    898,
    899,
    901,
    904,
    907,
    912,
    913,
    915,
    916,
    917,
    921,
    923,
    925,
    927,
    928,
    929,
    931,
    933,
    934,
    935,
    936,
    937,
    938,
    943,
    947,
    948,
    950,
    952,
    954,
    957,
    959,
    960,
    961,
    968,
    969,
    973,
    974,
    976,
    977,
    978,
    979,
    982,
    985,
    991,
    992,
    999,
    1000,
    1005,
    1008,
    1009,
    1010,
    1017,
    1018,
    1025,
    1027,
    1033,
    1036,
    1038,
    1042,
    1043,
    1045,
    1051,
    1052,
    1054,
    1057,
    1061,
    1069,
    1070,
    1071,
    1072,
    1075,
    1076,
    1077,
    1078,
    1079,
    1081,
    1082,
    1083,
    1085,
    1089,
    1091,
    1099,
    1102,
    1105,
    1114,
    1118,
    1125,
    1126,
    1128,
    1129,
    1133,
    1140,
    1141,
    1143,
    1144,
    1147,
    1152,
    1158,
    1159,
    1163,
    1164,
    1166,
    1168,
    1169,
    1170,
    1172,
    1179,
    1189,
    1200,
    1203,
    1205,
    1208,
    1214,
    1215,
    1217,
    1220,
    1222,
    1224,
    1225,
    1226,
    1227,
    1232,
    1235,
    1240,
    1245,
    1247,
    1253,
    1258,
    1260,
    1261,
    1268,
    1271,
    1272,
    1274,
    1275,
    1281,
    1286,
    1292,
    1296,
    1304,
    1309,
    1311,
    1313,
    1314,
    1318,
    1320,
    1323,
    1324,
    1329,
    1330,
    1344,
    1345,
    1354,
    1355,
    1358,
    1359,
    1362,
    1363,
    1372,
    1376,
    1378,
    1379,
    1381,
    1387,
    1388,
    1395,
    1399,
    1403,
    1414,
    1418,
    1429,
    1431,
    1443,
    1448,
    1449,
    1450,
    1451,
    1459,
    1461,
    1472,
    1475,
    1481,
    1482,
    1489,
    1493,
    1497,
    1500,
    1503,
    1505,
    1535,
    1555,
    1561,
    1562,
    1581,
    1594,
    1597,
    1599,
    1600,
    1616,
    1620,
    1627,
    1631,
    1633,
    1644,
    1658,
    1661,
    1675,
    1694,
    1703,
    1724,
    1771,
    1774,
    1785,
    1792,
    1851,
    1875,
    1899,
    1900,
    1902,
    1905,
    1909,
    1916,
    1918,
    1938,
    1945,
    1947,
    1948,
    1950,
    1951,
    1955,
    1957,
    1959,
    1966,
    1968,
    1972,
    1978,
    1983,
    1986,
    1987,
    1998,
    2005,
    2006,
    2008,
    2009,
    2017,
    2031,
    2033,
    2034,
    2043,
    2052,
    2067,
    2072,
    2078,
    2085,
    2098,
    2123,
    2125,
    2148,
    2152,
    2178,
    2180,
    2181,
    2183,
    2187,
    2195,
    2197,
    2238,
    2254,
    2275,
    2279,
    2290,
    2291,
    2301,
    2324,
    2343,
    2377,
    2379,
    2386,
    2396,
    2428,
    2433,
    2441,
    2461,
    2464,
    2490,
    2519,
    2528,
    2540,
    2589,
    2620,
    2628,
    2634,
    2645,
    2651,
    2654,
    2684,
    2690,
    2741,
    2746,
    2748,
    2761,
    2775,
    2806,
    2809,
    2849,
    2870,
    2874,
    2900,
    2901,
    2906,
    2931,
    2944,
    2982,
    2987,
    3231,
    3368,
    3436,
    3474,
    3556,
    3705,
    3750,
    3807,
    3822,
    3853,
    3941,
    3942,
    3944,
    3947,
    3976,
    4013,
    4020,
    4024,
    4067,
    4094,
    4148,
    4157,
    4182,
    4231,
    4249,
    4272,
    4372,
    4397,
    4430,
    4441,
    4742,
    4941
   ],
   "best sol cost times": [
    0.062457,
    0.07947,
    0.097116,
    0.115201,
    0.133862,
    0.15337,
    0.174989,
    0.199566,
    0.235794,
    0.2668,
    0.301135,
    0.323377,
    0.34572,
    0.367091,
    0.388911,
    0.410521,
    0.432474,
    0.454396,
    0.478288,
    0.500234,
    0.523511,
    0.545359,
    0.568535,
    0.59061,
    0.612827,
    0.636368,
    0.657756,
    0.67898,
    0.702858,
    0.724909,
    0.746585,
    0.768038,
    0.790546,
    0.812834,
    0.835052,
    0.857695,
    0.879596,
    0.901813,
    0.928341,
    0.953344,
    0.97482,
    0.999706,
    1.025621,
    1.053493,
    1.077806,
    1.101767,
    1.123968,
    1.145477,
    1.168,
    1.18979,
    1.214304,
    1.236506,
    1.25979,
    1.282124,
    1.304574,
    1.328002,
    1.350023,
    1.371764,
    1.394043,
    1.416528,
    1.438814,
    1.461228,
    1.483282,
    1.5054,
    1.528977,
    1.551481,
    1.57359,
    1.596156,
    1.618487,
    1.642151,
    1.664745,
    1.688557,
    1.713381,
    1.735677,
    1.758901,
    1.781679,
    1.803585,
    1.825651,
    1.848609,
    1.871175,
    1.893667,
    1.916205,
    1.93877,
    1.960753,
    1.982909,
    2.004573,
    2.027254,
    2.055484,
    2.079625,
    2.103796,
    2.126667,
    2.149065,
    2.172014,
    2.194626,
    2.216385,
    2.239031,
    2.268012,
    2.290041,
    2.312363,
    2.337802,
    2.37366,
    2.398016,
    2.43304,
    2.454624,
    2.47699,
    2.501845,
    2.523309,
    2.547025,
    2.56912,
    2.591752,
    2.614185,
    2.636666,
    2.657875,
    2.679852,
    2.703869,
    2.725371,
    2.757542,
    2.813611,
    2.875631,
    2.925091,
    2.947584,
    2.970641,
    2.9996,
    3.036484,
    3.077936,
    3.132877,
    3.180906,
    3.222055,
    3.252042,
    3.280903,
    3.3028,
    3.325571,
    3.348479,
    3.37026,
    3.392533,
    3.414877,
    3.437063,
    3.459322,
    3.481023,
    3.504277,
    3.5274200000000002,
    3.550719,
    3.572828,
    3.611571,
    3.657969,
    3.709602,
    3.748874,
    3.772553,
    3.795523,
    3.819382,
    3.841429,
    3.865527,
    3.88787,
    3.918822,
    3.95856,
    4.004974,
    4.050746,
    4.098534,
    4.120413,
    4.144061,
    4.16563,
    4.18754,
    4.209744,
    4.231507,
    4.253854,
    4.27585,
    4.297798,
    4.321421,
    4.344431,
    4.36731,
    4.389208,
    4.412006,
    4.443492,
    4.486332,
    4.537315,
    4.579574,
    4.611363,
    4.633736,
    4.656637,
    4.678619,
    4.703402,
    4.72588,
    4.747977,
    4.770445,
    4.792595,
    4.814338,
    4.836078,
    4.85922,
    4.881732,
    4.905086,
    4.927709,
    4.95129,
    4.974148,
    4.996779,
    5.019177,
    5.043337,
    5.070559,
    5.104755,
    5.152232,
    5.205181,
    5.254543,
    5.283796,
    5.306258,
    5.327736,
    5.349699,
    5.373475,
    5.401501,
    5.461135,
    5.510506,
    5.532196,
    5.554975,
    5.576473,
    5.60147,
    5.627496,
    5.648964,
    5.670735,
    5.693397,
    5.715256,
    5.737673,
    5.759882,
    5.78114,
    5.803712,
    5.826401,
    5.848508,
    5.870817,
    5.893549,
    5.916598,
    5.952379,
    5.999704,
    6.046441,
    6.090341,
    6.120125,
    6.143802,
    6.167577,
    6.18986,
    6.211692,
    6.234472,
    6.256244,
    6.278084,
    6.299862,
    6.321596,
    6.344021,
    6.365353,
    6.387513,
    6.409794,
    6.431274,
    6.452546,
    6.476182,
    6.498623,
    6.520923,
    6.543217,
    6.565594,
    6.588023,
    6.609575,
    6.63122,
    6.653583,
    6.675805,
    6.69954,
    6.72133,
    6.743197,
    6.765329,
    6.787906,
    6.8098,
    6.839759,
    6.863898,
    6.88596,
    6.907668,
    6.95732,
    7.007044,
    7.05898,
    7.094079,
    7.121875,
    7.148019,
    7.17095,
    7.194157,
    7.216757,
    7.239626,
    7.261512,
    7.283033,
    7.306295,
    7.328802,
    7.351202,
    7.373336,
    7.396435,
    7.418517,
    7.440568,
    7.463638,
    7.48643,
    7.507894,
    7.530039,
    7.551966,
    7.577662,
    7.606956,
    7.629577,
    7.651153,
    7.673667,
    7.697344,
    7.719165,
    7.742451,
    7.765186,
    7.78747,
    7.809694,
    7.831865,
    7.855548,
    7.87843,
    7.900446,
    7.922494,
    7.956658,
    7.991242,
    8.014771,
    8.05178,
    8.081404,
    8.117232,
    8.145088,
    8.169896,
    8.193055,
    8.216913,
    8.238657,
    8.260994,
    8.283284,
    8.305049,
    8.326558,
    8.34883,
    8.371578,
    8.393447,
    8.415802,
    8.437696,
    8.460451,
    8.499158,
    8.52493,
    8.561156,
    8.584862,
    8.607072,
    8.629935,
    8.65262,
    8.675319,
    8.699373,
    8.722403,
    8.745994,
    8.770464,
    8.794037,
    8.817278,
    8.839742,
    8.86201,
    8.88452,
    8.906993,
    8.929624,
    8.952227,
    8.975153,
    8.9973,
    9.019962,
    9.043722,
    9.065839,
    9.087489,
    9.110586,
    9.132852,
    9.159607,
    9.183398,
    9.205619,
    9.236628,
    9.259511,
    9.282018,
    9.303846,
    9.326311,
    9.348796,
    9.370945,
    9.392808,
    9.414863,
    9.437162,
    9.459572,
    9.482598,
    9.505049,
    9.528802,
    9.552212,
    9.574418,
    9.597195,
    9.619367,
    9.642095,
    9.665322,
    9.689774,
    9.744159,
    9.769572,
    9.791796,
    9.814024,
    9.837193,
    9.860111,
    9.890253,
    9.950427,
    10.011609,
    10.062783,
    10.100707,
    10.1491,
    10.177097,
    10.205053,
    10.234634,
    10.258796,
    10.28782,
    10.312785,
    10.335188,
    10.358953,
    10.381872,
    10.404708,
    10.429216,
    10.451463,
    10.474344,
    10.497666,
    10.519773,
    10.556013,
    10.581702,
    10.615583,
    10.638969,
    10.6633,
    10.696816,
    10.720939,
    10.746357,
    10.769514,
    10.79549,
    10.819433,
    10.845078,
    10.868655,
    10.89307,
    10.916682,
    10.941408,
    10.967296,
    10.992346,
    11.017196,
    11.070623,
    11.098105,
    11.122603,
    11.148664,
    11.173638,
    11.203158,
    11.229365,
    11.255011,
    11.278689,
    11.301126,
    11.322452,
    11.34478,
    11.366814,
    11.389112,
    11.412148,
    11.434026,
    11.460789,
    11.487994,
    11.519748,
    11.56589,
    11.59917,
    11.634085,
    11.657789,
    11.680289,
    11.708344,
    11.737043,
    11.787311,
    11.816696,
    11.844474,
    11.870288,
    11.899678,
    11.936685,
    11.963787,
    11.987764,
    12.013339,
    12.038964,
    12.065218,
    12.113941,
    12.137472,
    12.163683,
    12.188764,
    12.254153,
    12.283262,
    12.309689,
    12.334011,
    12.383458,
    12.409318,
    12.435858,
    12.459591,
    12.483712,
    12.508284,
    12.530852,
    12.553561,
    12.607357,
    12.630331,
    12.65206,
    12.674791,
    12.700099,
    12.729988,
    12.753974,
    12.804871,
    12.831984,
    12.856094,
    12.883104,
    12.912924,
    12.942177,
    12.966378,
    12.992253,
    13.017015,
    13.045795,
    13.071933,
    13.10548,
    13.148835,
    13.217988,
    13.247552,
    13.278205,
    13.304315,
    13.331306,
    13.355483,
    13.377744,
    13.400295,
    13.422805,
    13.445027,
    13.467747,
    13.489601,
    13.512679,
    13.535371,
    13.557688,
    13.579674,
    13.601751,
    13.62415,
    13.645625,
    13.668774,
    13.692178,
    13.715379,
    13.738263,
    13.766945,
    13.793892,
    13.818879,
    13.844537,
    13.869579,
    13.895598,
    13.921647,
    13.949906,
    13.977249,
    14.027425,
    14.05766,
    14.082965,
    14.106818,
    14.132435,
    14.157894,
    14.182978,
    14.208439,
    14.233452,
    14.262401,
    14.293853,
    14.319334,
    14.344864,
    14.367383,
    14.391234,
    14.412947,
    14.435336,
    14.457662,
    14.480891,
    14.502901,
    14.525077,
    14.547519,
    14.571108,
    14.601855,
    14.631248,
    14.661194,
    14.69023,
    14.714462,
    14.736426,
    14.766172,
    14.797049,
    14.820917,
    14.846798,
    14.87044,
    14.895603,
    14.950004,
    14.975687,
    15.000539,
    15.025465,
    15.05333,
    15.079304,
    15.103434,
    15.128917,
    15.153674,
    15.179309,
    15.204264,
    15.231206,
    15.255874,
    15.286756,
    15.313035,
    15.362232,
    15.408814,
    15.430954,
    15.453474,
    15.475556,
    15.497877,
    15.519855,
    15.542401,
    15.56594,
    15.587975,
    15.610829,
    15.633486,
    15.658904,
    15.702545,
    15.729809,
    15.761545,
    15.785461,
    15.812089,
    15.836643,
    15.887385,
    15.913571,
    15.939653,
    15.969456,
    15.994541,
    16.046147,
    16.069693,
    16.09502,
    16.118808,
    16.167343,
    16.192153,
    16.216599,
    16.265814,
    16.298199,
    16.351279,
    16.375594,
    16.42064,
    16.443438,
    16.465752,
    16.487985,
    16.513072,
    16.535638,
    16.55812,
    16.580604,
    16.603326,
    16.62572,
    16.647922,
    16.670505,
    16.694781,
    16.718623,
    16.741756,
    16.76462,
    16.813952,
    16.838129,
    16.888842,
    16.913911,
    16.937275,
    16.963822,
    16.988026,
    17.012603,
    17.038477,
    17.06627,
    17.091305,
    17.117125,
    17.142182,
    17.167585,
    17.191398,
    17.216718,
    17.242539,
    17.271346,
    17.299351,
    17.326412,
    17.353157,
    17.379386,
    17.402445,
    17.425098,
    17.446918,
    17.46982,
    17.492707,
    17.514695,
    17.538717,
    17.561737,
    17.584742,
    17.610205,
    17.647219,
    17.706353,
    17.740963,
    17.763291,
    17.786065,
    17.837778,
    17.862826,
    17.88689,
    17.913293,
    17.960493,
    17.985123,
    18.012992,
    18.0396,
    18.066649,
    18.090343,
    18.116029,
    18.140361,
    18.166054,
    18.193163,
    18.329714,
    18.357408,
    18.384627,
    18.410775,
    18.439263,
    18.488984,
    18.513701,
    18.536782,
    18.560452,
    18.611168,
    18.659096,
    18.682659,
    18.714856,
    18.739491,
    18.818844,
    18.844292,
    18.904413,
    18.93015,
    18.95371,
    18.978826,
    19.029614,
    19.081982,
    19.105823,
    19.131002,
    19.180594,
    19.207401,
    19.235716,
    19.261699,
    19.286576,
    19.313478,
    19.338017,
    19.367435,
    19.396315,
    19.422272,
    19.449385,
    19.498842,
    19.52217,
    19.548074,
    19.573292,
    19.603849,
    19.652101,
    19.702549,
    19.785732,
    19.810942,
    19.917221,
    19.980585,
    20.017891,
    20.047706,
    20.126169,
    20.197132,
    20.271428,
    20.297026,
    20.376605,
    20.408268,
    20.499682,
    20.551247,
    20.604192,
    20.629535,
    20.727165,
    20.838118,
    20.930851,
    20.955816,
    20.982365,
    21.033080000000002,
    21.187631,
    21.25144,
    21.357982,
    21.385729,
    21.530031,
    21.556836,
    21.778975,
    21.849258,
    21.873557,
    21.897734,
    21.929092,
    22.008289,
    22.037123,
    22.080966,
    22.199101,
    22.22527,
    22.253191,
    22.35579,
    22.386268,
    22.417673,
    22.486216,
    22.611394,
    22.634162,
    22.680216,
    22.703892,
    22.751,
    22.797951,
    22.820481,
    23.021101,
    23.175399,
    23.339403,
    23.409843,
    23.489713,
    23.563181,
    23.585597,
    23.631453,
    23.706729,
    23.810318,
    23.98436,
    24.015213,
    24.074711,
    24.10985,
    24.135371,
    24.246326,
    24.318306,
    24.378954,
    24.433547,
    24.464358,
    24.492455,
    24.553733,
    24.605021,
    24.628935,
    24.658422,
    24.682318,
    24.706871,
    24.730622,
    24.847099,
    24.93785,
    24.964286,
    25.016786,
    25.077567,
    25.128177,
    25.204137,
    25.257021,
    25.284682,
    25.311182,
    25.499406,
    25.529659,
    25.647358,
    25.671026,
    25.724021,
    25.754504,
    25.781992,
    25.806303,
    25.878657,
    25.984115,
    26.198738,
    26.229484,
    26.42197,
    26.450348,
    26.589207,
    26.680332,
    26.706547,
    26.732034,
    26.959704,
    26.989099,
    27.171349,
    27.236017,
    27.412603,
    27.556036,
    27.624327,
    27.740286,
    27.764777,
    27.811501,
    27.948149,
    27.972382,
    28.017429,
    28.085077,
    28.172626,
    28.352752,
    28.375035,
    28.396996,
    28.418648,
    28.484989,
    28.506745,
    28.531381,
    28.553929,
    28.57654,
    28.641622,
    28.675211,
    28.709021,
    28.757166,
    28.849438,
    28.895919,
    29.105176,
    29.173347,
    29.242312,
    29.445789,
    29.536031,
    29.697492,
    29.723805,
    29.776223,
    29.798658,
    29.925191,
    30.102455,
    30.127905,
    30.181671,
    30.208442,
    30.306401,
    30.45326,
    30.61789,
    30.643528,
    30.754277,
    30.785882,
    30.854159,
    30.902397,
    30.925602,
    30.949103,
    30.996667,
    31.200897,
    31.522652,
    31.94619,
    32.073233,
    32.122893,
    32.197344,
    32.342568,
    32.366167,
    32.41424,
    32.498251,
    32.554897,
    32.611252,
    32.640429,
    32.668635,
    32.696017,
    32.837817,
    32.937702,
    33.097913,
    33.231142,
    33.276443,
    33.422908,
    33.541256,
    33.62838,
    33.655906,
    33.894639,
    33.997358,
    34.037437,
    34.100514,
    34.130927,
    34.483524,
    34.752233,
    35.110747,
    35.305703,
    35.549931,
    35.678484,
    35.733985,
    35.786548,
    35.812237,
    35.92007,
    36.020963,
    36.118706,
    36.150669,
    36.274832,
    36.298027,
    36.68046,
    36.760305,
    37.045934,
    37.078525,
    37.231859,
    37.285532,
    37.467218,
    37.502759,
    37.761102,
    37.898087,
    37.963607,
    37.995102,
    38.053008,
    38.219456,
    38.248014,
    38.453155,
    38.605558,
    38.738814,
    39.050858,
    39.16801,
    39.536664,
    39.593348,
    39.884071,
    40.0514,
    40.094381,
    40.143688,
    40.169729,
    40.373641,
    40.423667,
    40.794114,
    40.872743,
    41.022703,
    41.047558,
    41.210985,
    41.304225,
    41.40765,
    41.48696,
    41.586371,
    41.649517,
    42.527403,
    43.111702,
    43.304819,
    43.33213,
    43.832728,
    44.203257,
    44.279613,
    44.328881,
    44.35532,
    45.065509,
    45.25179,
    45.438383,
    45.53562,
    45.583268,
    45.873366,
    46.250948,
    46.349672,
    46.699842,
    47.229942,
    47.458259,
    48.046705,
    49.338825,
    49.436962,
    49.702006,
    49.868023,
    51.465276,
    52.207075,
    53.116406,
    53.150905,
    53.250944,
    53.32285,
    53.417883,
    53.580785,
    53.626643,
    54.289885,
    54.534959,
    54.60811,
    54.63446,
    54.695254,
    54.72333,
    54.869042,
    54.922358,
    54.975435,
    55.173411,
    55.228691,
    55.363456,
    56.009991,
    56.433955,
    56.51943,
    56.545936,
    56.813114,
    56.980739,
    57.006657,
    57.070734,
    57.118258,
    57.367529,
    57.799745,
    57.87026,
    57.895439,
    58.133164,
    58.390272,
    58.774481,
    58.954617,
    59.126917,
    59.296129,
    59.670998,
    60.504378,
    60.573783,
    61.154148,
    61.269819,
    61.98074,
    62.036612,
    62.070772,
    62.122787,
    62.21976,
    62.456186,
    62.503143,
    63.586303,
    63.999563,
    64.848806,
    65.003585,
    65.344323,
    65.37349,
    65.75123,
    66.436343,
    66.969675,
    67.900355,
    67.953646,
    68.129755,
    68.363967,
    69.396959,
    69.580769,
    69.838018,
    70.48991,
    70.571389,
    71.296149,
    72.195477,
    72.422917,
    72.837171,
    74.170029,
    74.9866,
    75.230598,
    75.426889,
    75.693016,
    75.901279,
    75.985415,
    76.752622,
    76.915676,
    78.297194,
    78.443985,
    78.492768,
    78.83091,
    79.203888,
    80.045513,
    80.134212,
    81.619141,
    82.832474,
    83.033443,
    84.339545,
    84.376427,
    84.507618,
    85.193351,
    85.589789,
    86.789978,
    87.011186,
    94.427033,
    98.985043,
    101.372866,
    102.72166,
    105.217881,
    109.669982,
    111.421311,
    113.32746,
    113.729499,
    114.79762,
    117.815756,
    117.852208,
    117.928803,
    118.012031,
    118.830661,
    120.433178,
    120.635221,
    120.733336,
    123.012261,
    123.78699,
    125.21275,
    125.507473,
    126.27765,
    128.025187,
    128.49572,
    129.469788,
    134.324028,
    135.570677,
    137.057276,
    137.368031,
    148.09278,
    154.473509
   ],
   "best sol cost values": [
    1634177.0,
    1634026.0,
    1633755.0,
    1633498.0,
    1633253.0,
    1633006.0,
    1632820.0,
    1632591.0,
    1632361.0,
    1632012.0,
    1631805.0,
    1631633.0,
    1631394.0,
    1631222.0,
    1631046.0,
    1630873.0,
    1630698.0,
    1630406.0,
    1630091.0,
    1629634.0,
    1629433.0,
    1629211.0,
    1629042.0,
    1628753.0,
    1628497.0,
    1628372.0,
    1628189.0,
    1628027.0,
    1627776.0,
    1627547.0,
    1627406.0,
    1627238.0,
    1627040.0,
    1626933.0,
    1626764.0,
    1626626.0,
    1626470.0,
    1626353.0,
    1626053.0,
    1625889.0,
    1625682.0,
    1625402.0,
    1625316.0,
    1625183.0,
    1624877.0,
    1624752.0,
    1624591.0,
    1624384.0,
    1624198.0,
    1624040.0,
    1623856.0,
    1623687.0,
    1623568.0,
    1623439.0,
    1623275.0,
    1623073.0,
    1622706.0,
    1622546.0,
    1622408.0,
    1622253.0,
    1622076.0,
    1621897.0,
    1621796.0,
    1621670.0,
    1621538.0,
    1621368.0,
    1621194.0,
    1621050.0,
    1620886.0,
    1620814.0,
    1620737.0,
    1620594.0,
    1620417.0,
    1620332.0,
    1620251.0,
    1620099.0,
    1619986.0,
    1619823.0,
    1619687.0,
    1619574.0,
    1619339.0,
    1619225.0,
    1619141.0,
    1619027.0,
    1618893.0,
    1618793.0,
    1618633.0,
    1618445.0,
    1618243.0,
    1618084.0,
    1617942.0,
    1617883.0,
    1617790.0,
    1617685.0,
    1617568.0,
    1617443.0,
    1617338.0,
    1617238.0,
    1617047.0,
    1616932.0,
    1616799.0,
    1616683.0,
    1616559.0,
    1616466.0,
    1616280.0,
    1616141.0,
    1616063.0,
    1615956.0,
    1615836.0,
    1615683.0,
    1615618.0,
    1615526.0,
    1615430.0,
    1615277.0,
    1615155.0,
    1615079.0,
    1615006.0,
    1614868.0,
    1614821.0,
    1614735.0,
    1614637.0,
    1614502.0,
    1614387.0,
    1614211.0,
    1613988.0,
    1613859.0,
    1613651.0,
    1613557.0,
    1613462.0,
    1613376.0,
    1613323.0,
    1613269.0,
    1613127.0,
    1613034.0,
    1612963.0,
    1612856.0,
    1612805.0,
    1612716.0,
    1612652.0,
    1612570.0,
    1612403.0,
    1612155.0,
    1612031.0,
    1611977.0,
    1611848.0,
    1611800.0,
    1611714.0,
    1611613.0,
    1611529.0,
    1611435.0,
    1611366.0,
    1611304.0,
    1611222.0,
    1611102.0,
    1611004.0,
    1610898.0,
    1610795.0,
    1610737.0,
    1610669.0,
    1610556.0,
    1610486.0,
    1610426.0,
    1610307.0,
    1610235.0,
    1610144.0,
    1610107.0,
    1609919.0,
    1609856.0,
    1609754.0,
    1609656.0,
    1609561.0,
    1609412.0,
    1609364.0,
    1609316.0,
    1609256.0,
    1609183.0,
    1608975.0,
    1608898.0,
    1608825.0,
    1608712.0,
    1608642.0,
    1608557.0,
    1608512.0,
    1608421.0,
    1608337.0,
    1608248.0,
    1608149.0,
    1608078.0,
    1608054.0,
    1607975.0,
    1607860.0,
    1607785.0,
    1607642.0,
    1607609.0,
    1607572.0,
    1607499.0,
    1607445.0,
    1607363.0,
    1607264.0,
    1607195.0,
    1607106.0,
    1607033.0,
    1606948.0,
    1606883.0,
    1606849.0,
    1606793.0,
    1606719.0,
    1606577.0,
    1606518.0,
    1606491.0,
    1606467.0,
    1606429.0,
    1606343.0,
    1606165.0,
    1606112.0,
    1606039.0,
    1605970.0,
    1605882.0,
    1605813.0,
    1605759.0,
    1605654.0,
    1605595.0,
    1605543.0,
    1605514.0,
    1605433.0,
    1605358.0,
    1605312.0,
    1605231.0,
    1605161.0,
    1605063.0,
    1604925.0,
    1604828.0,
    1604709.0,
    1604651.0,
    1604590.0,
    1604531.0,
    1604458.0,
    1604386.0,
    1604350.0,
    1604289.0,
    1604203.0,
    1604119.0,
    1604067.0,
    1603998.0,
    1603956.0,
    1603860.0,
    1603804.0,
    1603755.0,
    1603687.0,
    1603615.0,
    1603608.0,
    1603536.0,
    1603476.0,
    1603390.0,
    1603298.0,
    1603253.0,
    1603209.0,
    1603144.0,
    1602928.0,
    1602777.0,
    1602749.0,
    1602637.0,
    1602549.0,
    1602500.0,
    1602454.0,
    1602406.0,
    1602229.0,
    1602190.0,
    1602072.0,
    1602040.0,
    1601998.0,
    1601965.0,
    1601932.0,
    1601900.0,
    1601881.0,
    1601837.0,
    1601781.0,
    1601734.0,
    1601466.0,
    1601418.0,
    1601393.0,
    1601343.0,
    1601295.0,
    1601264.0,
    1601209.0,
    1601160.0,
    1601108.0,
    1601074.0,
    1601026.0,
    1600853.0,
    1600809.0,
    1600639.0,
    1600602.0,
    1600544.0,
    1600505.0,
    1600487.0,
    1600455.0,
    1600410.0,
    1600385.0,
    1600321.0,
    1600279.0,
    1600195.0,
    1600145.0,
    1600075.0,
    1600028.0,
    1599958.0,
    1599831.0,
    1599748.0,
    1599669.0,
    1599612.0,
    1599576.0,
    1599550.0,
    1599519.0,
    1599491.0,
    1599304.0,
    1599268.0,
    1599218.0,
    1599147.0,
    1599033.0,
    1598997.0,
    1598896.0,
    1598839.0,
    1598782.0,
    1598677.0,
    1598496.0,
    1598473.0,
    1598439.0,
    1598372.0,
    1598334.0,
    1598288.0,
    1598235.0,
    1598210.0,
    1598159.0,
    1598115.0,
    1598097.0,
    1598079.0,
    1598062.0,
    1598024.0,
    1597947.0,
    1597925.0,
    1597879.0,
    1597824.0,
    1597802.0,
    1597774.0,
    1597721.0,
    1597694.0,
    1597678.0,
    1597615.0,
    1597591.0,
    1597563.0,
    1597521.0,
    1597421.0,
    1597396.0,
    1597348.0,
    1597329.0,
    1597261.0,
    1597159.0,
    1597146.0,
    1597117.0,
    1597086.0,
    1597039.0,
    1597018.0,
    1597004.0,
    1596952.0,
    1596918.0,
    1596859.0,
    1596854.0,
    1596817.0,
    1596787.0,
    1596772.0,
    1596713.0,
    1596660.0,
    1596622.0,
    1596536.0,
    1596503.0,
    1596481.0,
    1596433.0,
    1596407.0,
    1596351.0,
    1596296.0,
    1596264.0,
    1596217.0,
    1596192.0,
    1596130.0,
    1596063.0,
    1595986.0,
    1595928.0,
    1595804.0,
    1595735.0,
    1595696.0,
    1595685.0,
    1595671.0,
    1595656.0,
    1595610.0,
    1595602.0,
    1595564.0,
    1595543.0,
    1595518.0,
    1595488.0,
    1595453.0,
    1595413.0,
    1595402.0,
    1595390.0,
    1595370.0,
    1595340.0,
    1595315.0,
    1595280.0,
    1595261.0,
    1595245.0,
    1595193.0,
    1595141.0,
    1595130.0,
    1595099.0,
    1595080.0,
    1595044.0,
    1594982.0,
    1594961.0,
    1594928.0,
    1594902.0,
    1594890.0,
    1594835.0,
    1594815.0,
    1594760.0,
    1594689.0,
    1594686.0,
    1594661.0,
    1594555.0,
    1594532.0,
    1594483.0,
    1594437.0,
    1594366.0,
    1594302.0,
    1594261.0,
    1594241.0,
    1594235.0,
    1594208.0,
    1594152.0,
    1594126.0,
    1594114.0,
    1594064.0,
    1594048.0,
    1594036.0,
    1594006.0,
    1593971.0,
    1593899.0,
    1593894.0,
    1593892.0,
    1593880.0,
    1593827.0,
    1593763.0,
    1593694.0,
    1593626.0,
    1593477.0,
    1593445.0,
    1593440.0,
    1593399.0,
    1593365.0,
    1593347.0,
    1593314.0,
    1593265.0,
    1593263.0,
    1593245.0,
    1593196.0,
    1593185.0,
    1593145.0,
    1593062.0,
    1593035.0,
    1592983.0,
    1592951.0,
    1592925.0,
    1592840.0,
    1592833.0,
    1592803.0,
    1592770.0,
    1592749.0,
    1592748.0,
    1592735.0,
    1592720.0,
    1592681.0,
    1592653.0,
    1592624.0,
    1592603.0,
    1592587.0,
    1592489.0,
    1592467.0,
    1592402.0,
    1592394.0,
    1592373.0,
    1592344.0,
    1592311.0,
    1592242.0,
    1592217.0,
    1592193.0,
    1592164.0,
    1592134.0,
    1592123.0,
    1592100.0,
    1592057.0,
    1592031.0,
    1592024.0,
    1592003.0,
    1591990.0,
    1591948.0,
    1591920.0,
    1591884.0,
    1591845.0,
    1591836.0,
    1591736.0,
    1591730.0,
    1591694.0,
    1591654.0,
    1591637.0,
    1591590.0,
    1591550.0,
    1591533.0,
    1591512.0,
    1591492.0,
    1591483.0,
    1591472.0,
    1591450.0,
    1591413.0,
    1591398.0,
    1591354.0,
    1591346.0,
    1591211.0,
    1591199.0,
    1591128.0,
    1591114.0,
    1591101.0,
    1591087.0,
    1591029.0,
    1591000.0,
    1590986.0,
    1590981.0,
    1590930.0,
    1590900.0,
    1590845.0,
    1590844.0,
    1590832.0,
    1590825.0,
    1590812.0,
    1590765.0,
    1590764.0,
    1590744.0,
    1590698.0,
    1590673.0,
    1590658.0,
    1590623.0,
    1590620.0,
    1590607.0,
    1590583.0,
    1590550.0,
    1590523.0,
    1590495.0,
    1590457.0,
    1590450.0,
    1590407.0,
    1590387.0,
    1590374.0,
    1590360.0,
    1590340.0,
    1590319.0,
    1590262.0,
    1590236.0,
    1590230.0,
    1590222.0,
    1590217.0,
    1590211.0,
    1590167.0,
    1590145.0,
    1590132.0,
    1590110.0,
    1590063.0,
    1590047.0,
    1590014.0,
    1589919.0,
    1589862.0,
    1589846.0,
    1589815.0,
    1589798.0,
    1589792.0,
    1589710.0,
    1589609.0,
    1589607.0,
    1589595.0,
    1589589.0,
    1589571.0,
    1589540.0,
    1589432.0,
    1589420.0,
    1589372.0,
    1589368.0,
    1589355.0,
    1589340.0,
    1589326.0,
    1589325.0,
    1589305.0,
    1589267.0,
    1589260.0,
    1589253.0,
    1589240.0,
    1589232.0,
    1589225.0,
    1589224.0,
    1589203.0,
    1589169.0,
    1589145.0,
    1589119.0,
    1589112.0,
    1589074.0,
    1589059.0,
    1589049.0,
    1589042.0,
    1589031.0,
    1589029.0,
    1589017.0,
    1588910.0,
    1588893.0,
    1588840.0,
    1588788.0,
    1588764.0,
    1588757.0,
    1588735.0,
    1588712.0,
    1588704.0,
    1588682.0,
    1588679.0,
    1588678.0,
    1588672.0,
    1588662.0,
    1588616.0,
    1588607.0,
    1588589.0,
    1588580.0,
    1588526.0,
    1588506.0,
    1588505.0,
    1588482.0,
    1588458.0,
    1588418.0,
    1588406.0,
    1588396.0,
    1588367.0,
    1588363.0,
    1588345.0,
    1588326.0,
    1588310.0,
    1588269.0,
    1588266.0,
    1588260.0,
    1588204.0,
    1588190.0,
    1588177.0,
    1588119.0,
    1588117.0,
    1588084.0,
    1588081.0,
    1588022.0,
    1588011.0,
    1588004.0,
    1588000.0,
    1587973.0,
    1587966.0,
    1587961.0,
    1587955.0,
    1587931.0,
    1587904.0,
    1587888.0,
    1587875.0,
    1587873.0,
    1587856.0,
    1587848.0,
    1587817.0,
    1587810.0,
    1587749.0,
    1587723.0,
    1587722.0,
    1587715.0,
    1587707.0,
    1587704.0,
    1587688.0,
    1587672.0,
    1587658.0,
    1587648.0,
    1587606.0,
    1587586.0,
    1587579.0,
    1587578.0,
    1587560.0,
    1587545.0,
    1587533.0,
    1587522.0,
    1587500.0,
    1587485.0,
    1587479.0,
    1587441.0,
    1587410.0,
    1587404.0,
    1587385.0,
    1587364.0,
    1587332.0,
    1587328.0,
    1587319.0,
    1587317.0,
    1587316.0,
    1587311.0,
    1587283.0,
    1587278.0,
    1587270.0,
    1587237.0,
    1587216.0,
    1587179.0,
    1587167.0,
    1587150.0,
    1587137.0,
    1587128.0,
    1587115.0,
    1587103.0,
    1587102.0,
    1587097.0,
    1587092.0,
    1587071.0,
    1587067.0,
    1587005.0,
    1586985.0,
    1586979.0,
    1586978.0,
    1586977.0,
    1586971.0,
    1586970.0,
    1586963.0,
    1586905.0,
    1586901.0,
    1586866.0,
    1586858.0,
    1586825.0,
    1586820.0,
    1586809.0,
    1586805.0,
    1586793.0,
    1586786.0,
    1586782.0,
    1586775.0,
    1586773.0,
    1586762.0,
    1586760.0,
    1586709.0,
    1586689.0,
    1586685.0,
    1586684.0,
    1586679.0,
    1586636.0,
    1586633.0,
    1586632.0,
    1586623.0,
    1586612.0,
    1586579.0,
    1586577.0,
    1586576.0,
    1586571.0,
    1586570.0,
    1586569.0,
    1586563.0,
    1586559.0,
    1586554.0,
    1586538.0,
    1586514.0,
    1586469.0,
    1586467.0,
    1586466.0,
    1586414.0,
    1586396.0,
    1586389.0,
    1586380.0,
    1586358.0,
    1586355.0,
    1586354.0,
    1586345.0,
    1586343.0,
    1586320.0,
    1586305.0,
    1586298.0,
    1586281.0,
    1586274.0,
    1586244.0,
    1586236.0,
    1586220.0,
    1586172.0,
    1586167.0,
    1586160.0,
    1586143.0,
    1586127.0,
    1586124.0,
    1586116.0,
    1586103.0,
    1586048.0,
    1586016.0,
    1586014.0,
    1585971.0,
    1585959.0,
    1585952.0,
    1585938.0,
    1585936.0,
    1585893.0,
    1585760.0,
    1585714.0,
    1585707.0,
    1585703.0,
    1585683.0,
    1585680.0,
    1585672.0,
    1585669.0,
    1585651.0,
    1585634.0,
    1585626.0,
    1585620.0,
    1585614.0,
    1585585.0,
    1585582.0,
    1585578.0,
    1585557.0,
    1585543.0,
    1585524.0,
    1585509.0,
    1585502.0,
    1585484.0,
    1585461.0,
    1585440.0,
    1585437.0,
    1585417.0,
    1585363.0,
    1585358.0,
    1585352.0,
    1585342.0,
    1585329.0,
    1585290.0,
    1585277.0,
    1585275.0,
    1585269.0,
    1585252.0,
    1585241.0,
    1585238.0,
    1585206.0,
    1585179.0,
    1585163.0,
    1585159.0,
    1585142.0,
    1585105.0,
    1585085.0,
    1585075.0,
    1585074.0,
    1585073.0,
    1585069.0,
    1585063.0,
    1585037.0,
    1585032.0,
    1585030.0,
    1585028.0,
    1585024.0,
    1584988.0,
    1584948.0,
    1584939.0,
    1584913.0,
    1584908.0,
    1584895.0,
    1584882.0,
    1584868.0,
    1584862.0,
    1584856.0,
    1584831.0,
    1584829.0,
    1584785.0,
    1584781.0,
    1584747.0,
    1584731.0,
    1584715.0,
    1584677.0,
    1584673.0,
    1584672.0,
    1584669.0,
    1584661.0,
    1584650.0,
    1584649.0,
    1584643.0,
    1584588.0,
    1584575.0,
    1584550.0,
    1584542.0,
    1584536.0,
    1584535.0,
    1584533.0,
    1584530.0,
    1584529.0,
    1584512.0,
    1584487.0,
    1584483.0,
    1584445.0,
    1584398.0,
    1584384.0,
    1584373.0,
    1584372.0,
    1584357.0,
    1584353.0,
    1584352.0,
    1584332.0,
    1584287.0,
    1584275.0,
    1584230.0,
    1584219.0,
    1584209.0,
    1584197.0,
    1584158.0,
    1584148.0,
    1584094.0,
    1584091.0,
    1584088.0,
    1584082.0,
    1584072.0,
    1584064.0,
    1584053.0,
    1584013.0,
    1583997.0,
    1583989.0,
    1583979.0,
    1583976.0,
    1583968.0,
    1583952.0,
    1583948.0,
    1583890.0,
    1583880.0,
    1583798.0,
    1583792.0,
    1583772.0,
    1583762.0,
    1583756.0,
    1583752.0,
    1583732.0,
    1583731.0,
    1583714.0,
    1583691.0,
    1583615.0,
    1583594.0,
    1583564.0,
    1583437.0,
    1583430.0,
    1583429.0,
    1583418.0,
    1583417.0,
    1583410.0,
    1583409.0,
    1583395.0,
    1583343.0,
    1583336.0,
    1583327.0,
    1583316.0,
    1583305.0,
    1583304.0,
    1583294.0,
    1583285.0,
    1583269.0,
    1583252.0,
    1583209.0,
    1583184.0,
    1583171.0,
    1583169.0,
    1583167.0,
    1583147.0,
    1583140.0,
    1583137.0,
    1583103.0,
    1583090.0,
    1583065.0,
    1583063.0,
    1583062.0,
    1583056.0,
    1583047.0,
    1583044.0,
    1583033.0,
    1583029.0,
    1583007.0,
    1582991.0,
    1582984.0,
    1582970.0,
    1582951.0,
    1582949.0,
    1582931.0,
    1582905.0,
    1582892.0,
    1582884.0,
    1582871.0,
    1582828.0,
    1582818.0,
    1582817.0,
    1582816.0,
    1582792.0,
    1582789.0,
    1582781.0,
    1582770.0,
    1582758.0,
    1582737.0,
    1582729.0,
    1582726.0,
    1582723.0,
    1582714.0,
    1582702.0,
    1582700.0,
    1582698.0,
    1582653.0,
    1582601.0,
    1582599.0,
    1582592.0,
    1582569.0,
    1582560.0,
    1582535.0,
    1582507.0,
    1582501.0,
    1582468.0,
    1582438.0,
    1582409.0,
    1582374.0,
    1582327.0,
    1582326.0,
    1582321.0,
    1582318.0,
    1582316.0,
    1582315.0,
    1582297.0,
    1582245.0,
    1582192.0,
    1582177.0,
    1582172.0,
    1582154.0,
    1582150.0,
    1582145.0,
    1582142.0,
    1582042.0,
    1582030.0,
    1582021.0,
    1582020.0,
    1581950.0,
    1581940.0,
    1581923.0,
    1581895.0,
    1581837.0,
    1581817.0,
    1581814.0,
    1581812.0,
    1581806.0,
    1581795.0,
    1581779.0,
    1581777.0,
    1581765.0,
    1581755.0,
    1581747.0,
    1581737.0,
    1581686.0,
    1581681.0,
    1581678.0,
    1581675.0,
    1581671.0,
    1581659.0,
    1581653.0,
    1581652.0,
    1581639.0,
    1581631.0,
    1581629.0,
    1581627.0,
    1581610.0,
    1581594.0,
    1581584.0,
    1581564.0,
    1581540.0,
    1581530.0,
    1581524.0,
    1581473.0,
    1581459.0,
    1581454.0,
    1581441.0,
    1581434.0,
    1581421.0,
    1581393.0,
    1581370.0,
    1581368.0,
    1581366.0,
    1581365.0,
    1581340.0,
    1581332.0,
    1581331.0,
    1581324.0,
    1581315.0,
    1581313.0,
    1581288.0,
    1581264.0,
    1581256.0,
    1581243.0,
    1581205.0,
    1581194.0,
    1581189.0,
    1581188.0,
    1581187.0,
    1581184.0,
    1581162.0,
    1581155.0,
    1581121.0,
    1581110.0,
    1581101.0,
    1581098.0,
    1581066.0,
    1581019.0,
    1581015.0,
    1580995.0,
    1580973.0,
    1580951.0,
    1580939.0,
    1580930.0,
    1580919.0,
    1580918.0,
    1580904.0,
    1580885.0,
    1580879.0,
    1580877.0,
    1580862.0,
    1580822.0,
    1580815.0,
    1580814.0,
    1580800.0
   ],
   "execution time": 157.26449255600002,
   "final cost": 1580800.0,
   "final error": 0.4905014608247239,
   "finished_at": "2024-11-02T07:13:15.011045362",
   "initial sol cost": 1634586.0,
   "initial solutions build time": 0.206317766,
   "mean percent of select next node calls recorded every ith iter": 20,
   "mean percent of select next node calls values": [
    0.12,
    0.9,
    0.9,
    0.92,
    0.93,
    0.91,
    0.91,
    0.93,
    0.91,
    0.89,
    0.9,
    0.92,
    0.94,
    0.89,
    0.93,
    0.93,
    0.93,
    0.91,
    0.9,
    0.95,
    0.91,
    0.93,
    0.94,
    0.94,
    0.91,
    0.94,
    0.93,
    0.96,
    0.91,
    0.95,
    0.91,
    0.95,
    0.95,
    0.92,
    0.95,
    0.93,
    0.95,
    0.92,
    0.95,
    0.96,
    0.96,
    0.95,
    0.94,
    0.94,
    0.95,
    0.93,
    0.94,
    0.94,
    0.92,
    0.91,
    0.92,
    0.96,
    0.93,
    0.94,
    0.95,
    0.91,
    0.93,
    0.94,
    0.93,
    0.95,
    0.92,
    0.92,
    0.97,
    0.93,
    0.93,
    0.93,
    0.96,
    0.95,
    0.93,
    0.96,
    0.94,
    0.97,
    0.94,
    0.98,
    0.92,
    0.95,
    0.96,
    0.94,
    0.93,
    0.94,
    0.94,
    0.97,
    0.93,
    0.93,
    0.94,
    0.95,
    0.92,
    0.92,
    0.94,
    0.96,
    0.99,
    0.92,
    0.95,
    0.93,
    0.94,
    0.93,
    0.93,
    0.93,
    0.9,
    0.91,
    0.95,
    0.97,
    0.93,
    0.95,
    0.92,
    0.97,
    1.0,
    0.95,
    0.93,
    0.91,
    0.94,
    0.96,
    0.96,
    0.95,
    0.93,
    0.99,
    0.93,
    0.95,
    0.94,
    0.95,
    1.0,
    0.95,
    0.95,
    0.94,
    0.95,
    0.95,
    0.96,
    0.92,
    0.97,
    0.97,
    0.93,
    0.92,
    0.93,
    0.96,
    0.95,
    0.93,
    0.98,
    0.95,
    0.95,
    0.98,
    0.97,
    0.92,
    0.94,
    0.93,
    0.92,
    0.94,
    0.95,
    0.96,
    0.94,
    0.96,
    0.93,
    0.93,
    0.96,
    0.92,
    0.97,
    0.94,
    0.93,
    0.96,
    0.92,
    0.94,
    0.94,
    0.94,
    0.92,
    0.96,
    0.95,
    0.97,
    0.92,
    0.95,
    0.95,
    0.94,
    0.97,
    0.93,
    0.93,
    0.94,
    0.94,
    0.93,
    0.91,
    0.95,
    0.94,
    0.95,
    0.97,
    0.96,
    0.96,
    0.92,
    0.98,
    0.97,
    0.93,
    0.93,
    0.94,
    0.98,
    0.92,
    0.95,
    0.94,
    0.95,
    0.92,
    0.96,
    0.96,
    0.94,
    0.95,
    0.92,
    0.91,
    0.95,
    0.94,
    0.94,
    0.96,
    0.92,
    0.93,
    0.93,
    0.94,
    0.97,
    0.94,
    0.94,
    0.94,
    0.91,
    0.94,
    0.97,
    0.95,
    0.93,
    0.94,
    0.95,
    0.92,
    0.95,
    0.95,
    0.96,
    0.95,
    0.91,
    0.94,
    0.94,
    0.94,
    0.95,
    0.99,
    0.97,
    0.96,
    0.91,
    0.97,
    0.94,
    0.95,
    0.95,
    0.93,
    0.94,
    0.94,
    0.95,
    0.94,
    0.95,
    0.97,
    0.93,
    0.94,
    0.94,
    0.92,
    0.93
   ],
   "pher_deposition_time": 3.669274185985614,
   "sol cost mean recorded every ith iter": 20,
   "sol cost mean values": [
    1634769.4,
    1630110.0,
    1626342.9,
    1622754.3,
    1620106.9,
    1617440.5,
    1615241.1,
    1613090.0,
    1611080.3,
    1609219.6,
    1607718.2,
    1606305.9,
    1604821.4,
    1603330.9,
    1601959.2,
    1600909.9,
    1599603.1,
    1598476.7,
    1597628.8,
    1596866.4,
    1596083.6,
    1595421.3,
    1594669.0,
    1593942.0,
    1593328.7,
    1592801.9,
    1592211.6,
    1591599.3,
    1591149.4,
    1590743.8,
    1590117.9,
    1589768.7,
    1589325.4,
    1589028.5,
    1588606.6,
    1588303.6,
    1588099.7,
    1587922.9,
    1587672.1,
    1587538.1,
    1587372.9,
    1587252.8,
    1587223.0,
    1587041.2,
    1586963.4,
    1586907.6,
    1586757.6,
    1586572.8,
    1586283.2,
    1586213.7,
    1586092.2,
    1585957.7,
    1585854.1,
    1585741.5,
    1585636.4,
    1585519.0,
    1585469.0,
    1585427.7,
    1585272.6,
    1585143.6,
    1585131.1,
    1585079.0,
    1584917.2,
    1584836.2,
    1584734.8,
    1584644.3,
    1584585.2,
    1584478.9,
    1584360.5,
    1584218.4,
    1584031.7,
    1584018.9,
    1583984.1,
    1583878.9,
    1583855.6,
    1583763.4,
    1583737.8,
    1583673.6,
    1583696.7,
    1583666.2,
    1583644.7,
    1583616.3,
    1583570.6,
    1583568.8,
    1583516.0,
    1583494.4,
    1583460.3,
    1583491.2,
    1583478.5,
    1583424.9,
    1583463.0,
    1583413.1,
    1583462.3,
    1583386.2,
    1583436.4,
    1583410.8,
    1583333.8,
    1583305.7,
    1583217.4,
    1583141.9,
    1582971.0,
    1582919.2,
    1582888.6,
    1582796.9,
    1582738.8,
    1582772.6,
    1582748.2,
    1582648.5,
    1582635.4,
    1582553.3,
    1582465.6,
    1582407.1,
    1582394.3,
    1582372.5,
    1582382.6,
    1582415.1,
    1582371.9,
    1582352.5,
    1582306.6,
    1582327.0,
    1582327.0,
    1582249.1,
    1582291.1,
    1582278.0,
    1582210.4,
    1582187.1,
    1582284.0,
    1582232.5,
    1582224.3,
    1582232.5,
    1582224.3,
    1582181.1,
    1582111.8,
    1582096.6,
    1582117.3,
    1582046.1,
    1582067.6,
    1582035.7,
    1582028.1,
    1582013.0,
    1581952.9,
    1581974.9,
    1581958.4,
    1581974.8,
    1581938.7,
    1581945.4,
    1581928.9,
    1581893.8,
    1581900.6,
    1581890.6,
    1581828.6,
    1581885.5,
    1581862.5,
    1581847.0,
    1581887.0,
    1581843.6,
    1581839.0,
    1581853.2,
    1581858.6,
    1581907.3,
    1581837.9,
    1581833.8,
    1581860.7,
    1581862.6,
    1581803.4,
    1581854.8,
    1581807.3,
    1581874.3,
    1581878.2,
    1581792.9,
    1581857.6,
    1581776.6,
    1581791.4,
    1581819.9,
    1581823.1,
    1581793.0,
    1581751.4,
    1581806.3,
    1581802.0,
    1581814.8,
    1581779.7,
    1581828.5,
    1581755.0,
    1581832.9,
    1581812.0,
    1581779.2,
    1581814.8,
    1581790.4,
    1581779.0,
    1581803.5,
    1581831.6,
    1581774.6,
    1581750.2,
    1581716.0,
    1581733.8,
    1581728.5,
    1581747.9,
    1581729.2,
    1581682.6,
    1581616.3,
    1581636.3,
    1581631.2,
    1581570.5,
    1581565.0,
    1581543.2,
    1581521.4,
    1581573.9,
    1581523.5,
    1581554.0,
    1581558.2,
    1581519.1,
    1581505.4,
    1581524.4,
    1581523.4,
    1581491.8,
    1581496.3,
    1581498.2,
    1581500.6,
    1581471.9,
    1581465.2,
    1581431.1,
    1581480.3,
    1581445.1,
    1581426.2,
    1581461.9,
    1581433.5,
    1581416.3,
    1581448.7,
    1581410.1,
    1581439.6,
    1581466.7,
    1581469.7,
    1581493.0,
    1581432.6,
    1581450.9,
    1581447.1,
    1581443.7,
    1581449.8,
    1581455.6,
    1581405.8,
    1581477.2,
    1581446.0,
    1581418.3,
    1581451.9,
    1581439.5,
    1581416.2,
    1581446.0,
    1581410.0,
    1581422.7,
    1581401.0
   ],
   "sol cost stdev recorded every ith iter": 20,
   "sol cost stdev values": [
    189.1,
    392.1,
    421.1,
    457.4,
    472.7,
    475.9,
    482.1,
    466.5,
    468.3,
    451.9,
    450.8,
    474.5,
    436.4,
    475.2,
    476.4,
    513.5,
    551.4,
    478.6,
    480.9,
    458.5,
    502.3,
    459.6,
    471.4,
    508.0,
    493.2,
    488.7,
    508.8,
    471.1,
    517.9,
    507.3,
    489.6,
    475.6,
    475.2,
    513.9,
    550.7,
    509.3,
    534.4,
    524.7,
    591.2,
    635.7,
    543.6,
    492.6,
    516.0,
    492.1,
    536.0,
    517.5,
    504.3,
    570.3,
    552.7,
    550.0,
    513.2,
    532.4,
    510.9,
    520.6,
    485.9,
    472.7,
    501.5,
    503.8,
    523.2,
    546.4,
    527.4,
    499.0,
    523.2,
    520.9,
    559.3,
    541.4,
    515.3,
    501.1,
    575.7,
    559.0,
    536.4,
    499.4,
    574.6,
    493.6,
    545.5,
    524.6,
    551.0,
    491.1,
    513.2,
    485.8,
    528.2,
    498.0,
    509.6,
    513.7,
    519.1,
    537.4,
    478.3,
    555.0,
    534.8,
    503.8,
    556.4,
    497.5,
    577.0,
    522.6,
    546.5,
    547.9,
    541.7,
    523.2,
    602.1,
    529.2,
    496.8,
    532.2,
    543.1,
    517.7,
    507.2,
    536.9,
    521.7,
    507.2,
    507.9,
    522.3,
    553.6,
    494.2,
    521.6,
    509.5,
    522.1,
    583.4,
    553.3,
    511.3,
    498.3,
    623.1,
    568.8,
    493.6,
    553.9,
    556.8,
    476.6,
    492.2,
    540.4,
    543.8,
    556.2,
    536.4,
    564.5,
    512.5,
    511.9,
    541.6,
    603.3,
    535.0,
    541.5,
    498.7,
    532.0,
    556.9,
    491.9,
    532.5,
    497.7,
    559.0,
    553.6,
    549.6,
    557.6,
    521.4,
    569.4,
    505.7,
    536.7,
    536.3,
    522.1,
    525.5,
    551.1,
    509.2,
    485.8,
    524.7,
    539.5,
    534.2,
    529.3,
    498.4,
    520.4,
    577.9,
    482.4,
    551.1,
    502.3,
    540.3,
    569.3,
    524.1,
    560.0,
    484.3,
    492.8,
    565.2,
    589.3,
    547.1,
    484.8,
    537.9,
    501.0,
    571.5,
    523.0,
    549.4,
    524.5,
    575.9,
    503.4,
    534.6,
    581.8,
    517.0,
    500.0,
    549.9,
    549.0,
    507.3,
    506.4,
    526.0,
    513.7,
    549.0,
    542.7,
    570.3,
    517.3,
    508.2,
    533.0,
    588.2,
    536.1,
    497.8,
    519.9,
    485.2,
    555.0,
    506.8,
    544.0,
    510.9,
    567.6,
    504.8,
    535.8,
    540.2,
    544.1,
    522.6,
    516.7,
    531.0,
    533.5,
    498.1,
    513.3,
    550.1,
    520.5,
    547.1,
    562.0,
    523.5,
    586.5,
    583.7,
    528.7,
    538.5,
    563.5,
    546.5,
    572.8,
    526.1,
    527.9,
    576.3,
    563.5,
    564.8,
    564.3,
    569.0,
    572.8,
    543.5,
    538.0,
    555.4,
    569.9,
    490.0,
    548.3,
    505.5,
    539.3,
    506.4
   ],
   "started_at": "2024-11-02T07:10:37.746335363"
  }
 ],
 "nn and backup lists calc time": 0.769840634,
 "trial max cost": 1580800,
 "trial max error": 0.4905014608247239,
 "trial mean cost": 1580800.0,
 "trial mean error": 0.4905014608247239,
 "trial min cost": 1580800,
 "trial min error": 0.4905014608247239,
 "trial time": 157.26482940100001
}