{
 "args": {
  "alg": "faco",
  "ants": 512,
  "backup list size": 64,
  "beta": 1.0,
  "cand list size": 16,
  "gbest as source prob": 0.01,
  "id": "default",
  "iterations": 5000,
  "local search": 1,
  "ls cand list size": 20,
  "min new edges": 8,
  "p best": 0.1,
  "picture": true,
  "problem": "instances/d15112.tsp",
  "repeat": 1,
  "results dir": "results",
  "rho": 0.5,
  "seed": 1110015062,
  "threads": 0
 },
 "executions": [
  {
   "best sol cost iterations": [
    0,
    1,
    2,
    3,
    4,
    5,
    6,
    7,
    8,
    9,
    10,
    11,
    12,
    13,
    14,
    15,
    16,
    17,
    18,
    19,
    20,
    21,
    22,
    23,
    24,
    25,
    26,
    27,
    28,
    29,
    30,
    31,
    32,
    33,
    34,
    35,
    36,
    37,
    38,
    39,
    40,
    41,
    42,
    43,
    44,
    45,
    46,
    47,
    48,
    49,
    50,
    51,
    52,
    53,
    54,
    55,
    56,
    57,
    58,
    59,
    60,
    61,
    62,
    63,
    64,
    65,
    66,
    67,
    68,
    69,
    70,
    71,
    72,
    73,
    74,
    75,
    76,
    77,
    78,
    79,
    80,
    81,
    82,
    83,
    84,
    85,
    86,
    87,
    88,
    89,
    90,
    91,
    92,
    93,
    94,
    95,
    96,
    97,
    98,
    99,
    100,
    101,
    102,
    103,
    104,
    105,
    106,
    107,
    108,
    109,
    110,
    111,
    112,
    113,
    114,
    115,
    116,
    117,
    118,
    119,
    120,
    121,
    122,
    123,
    124,
    125,
    126,
    127,
    128,
    129,
    130,
    131,
    132,
    133,
    134,
    135,
    136,
    137,
    138,
    139,
    140,
    141,
    142,
    143,
    144,
    145,
    146,
    147,
    148,
    149,
    150,
    151,
    152,
    153,
    154,
    155,
    156,
    157,
    158,
    159,
    160,
    161,
    162,
    163,
    164,
    165,
    166,
    167,
    168,
    169,
    170,
    171,
    172,
    173,
    174,
    175,
    176,
    177,
    178,
    179,
    180,
    181,
    182,
    183,
    184,
    185,
    186,
    187,
    188,
    189,
    190,
    191,
    192,
    193,
    194,
    195,
    196,
    197,
    198,
    199,
    200,
    201,
    202,
    203,
    204,
    205,
    206,
    207,
    208,
    209,
    210,
    211,
    212,
    213,
    214,
    215,
    216,
    217,
    218,
    219,
    220,
    221,
    222,
    223,
    224,
    225,
    226,
    227,
    228,
    229,
    230,
    231,
    232,
    233,
    234,
    235,
    236,
    237,
    238,
    239,
    240,
    241,
    242,
    243,
    244,
    245,
    246,
    247,
    248,
    249,
    250,
    251,
    252,
    253,
    254,
    255,
    256,
    257,
    258,
    259,
    260,
    261,
    262,
    263,
    264,
    265,
    266,
    267,
    268,
    269,
    270,
    271,
    272,
    273,
    274,
    275,
    276,
    277,
    278,
    279,
    280,
    281,
    282,
    283,
    284,
    285,
    286,
    287,
    288,
    289,
    290,
    291,
    292,
    293,
    294,
    295,
    296,
    297,
    298,
    299,
    300,
    301,
    302,
    303,
    304,
    305,
    306,
    307,
    308,
    309,
    310,
    311,
    312,
    313,
    314,
    315,
    316,
    317,
    318,
    319,
    320,
    321,
    322,
    323,
    324,
    325,
    326,
    327,
    328,
    329,
    330,
    331,
    332,
    333,
    334,
    335,
    336,
    337,
    338,
    339,
    340,
    341,
    342,
    343,
    344,
    345,
    346,
    347,
    348,
    349,
    350,
    351,
    352,
    353,
    354,
    355,
    356,
    357,
    358,
    359,
    360,
    361,
    362,
    363,
    364,
    365,
    366,
    367,
    368,
    369,
    370,
    371,
    372,
    373,
    374,
    375,
    376,
    377,
    378,
    379,
    380,
    381,
    382,
    383,
    384,
    385,
    386,
    387,
    388,
    389,
    390,
    391,
    392,
    393,
    394,
    395,
    396,
    397,
    398,
    399,
    400,
    401,
    402,
    403,
    404,
    405,
    406,
    407,
    408,
    409,
    410,
    411,
    412,
    414,
    415,
    416,
    417,
    418,
    419,
    420,
    421,
    422,
    423,
    424,
    425,
    426,
    427,
    428,
    429,
    430,
    431,
    432,
    433,
    434,
    435,
    436,
    437,
    438,
    439,
    440,
    442,
    443,
    444,
    445,
    446,
    447,
    448,
    449,
    450,
    451,
    452,
    453,
    454,
    455,
    456,
    457,
    458,
    459,
    461,
    462,
    463,
    464,
    465,
    466,
    467,
    468,
    469,
    470,
    471,
    472,
    473,
    474,
    475,
    476,
    477,
    478,
    479,
    480,
    481,
    484,
    485,
    486,
    487,
    488,
    490,
    491,
    492,
    493,
    494,
    495,
    496,
    497,
    498,
    499,
    500,
    501,
    503,
    504,
    505,
    506,
    507,
    508,
    509,
    510,
    511,
    512,
    513,
    514,
    515,
    516,
    517,
    518,
    519,
    520,
    522,
    523,
    525,
    526,
    527,
    528,
    529,
    532,
    533,
    534,
    535,
    537,
    538,
    539,
    540,
    541,
    542,
    543,
    544,
    546,
    547,
    548,
    549,
    550,
    551,
    552,
    553,
    554,
    555,
    556,
    557,
    558,
    559,
    561,
    563,
    564,
    566,
    567,
    568,
    570,
    571,
    572,
    573,
    574,
    575,
    576,
    578,
    579,
    581,
    582,
    583,
    584,
    585,
    586,
    587,
    588,
    589,
    590,
    591,
    592,
    594,
    595,
    596,
    597,
    598,
    600,
    601,
    604,
    605,
    606,
    608,
    610,
    611,
    612,
    614,
    616,
    617,
    618,
    619,
    620,
    623,
    624,
    625,
    626,
    627,
    629,
    630,
    632,
    633,
    634,
    636,
    637,
    638,
    639,
    642,
    644,
    645,
    646,
    647,
    649,
    651,
    652,
    653,
    654,
    655,
    656,
    659,
    660,
    662,
    664,
    665,
    668,
    669,
    670,
    671,
    672,
    673,
    674,
    676,
    677,
    678,
    679,
    680,
    681,
    683,
    684,
    685,
    686,
    687,
    688,
    689,
    690,
    691,
    692,
    694,
    696,
    697,
    699,
    700,
    701,
    702,
    704,
    706,
    707,
    708,
    709,
    710,
    711,
    712,
    714,
    715,
    717,
    718,
    719,
    720,
    723,
    724,
    726,
    727,
    732,
    733,
    735,
    736,
    737,
    739,
    743,
    744,
    748,
    749,
    751,
    753,
    754,
    756,
    758,
    759,
    762,
    766,
    767,
    768,
    776,
    777,
    779,
    781,
    782,
    783,
    787,
    788,
    790,
    791,
    792,
    799,
    800,
    801,
    803,
    808,
    809,
    815,
    817,
    819,
    822,
    824,
    825,
    828,
    829,
    831,
    832,
    833,
    836,
    838,
    839,
    840,
    841,
    848,
    849,
    851,
    852,
    856,
    859,
    860,
    864,
    865,
    866,
    867,
    869,
    871,
    875,
    877,
    878,
    880,
    883,
    884,
    887,
    889,
    890,
    892,
    893,
    895,
    896,
    897,
    898,
    907,
    908,
    913,
    914,
    916,
    917,
    918,
    919,
    921,
    922,
    924,
    925,
    926,
    927,
    928,
    931,
    936,
    937,
    939,
    941,
    942,
    943,
    944,
    945,
    947,
    952,
    954,
    956,
    957,
    962,
    967,
    970,
    972,
    973,
    974,
    975,
    977,
    978,
    979,
    981,
    984,
    985,
    986,
    987,
    990,
    991,
    993,
    994,
    995,
    996,
    1003,
    1006,
    1009,
    1010,
    1015,
    1023,
    1026,
    1029,
    1030,
    1031,
    1033,
    1038,
    1040,
    1041,
    1042,
    1043,
    1044,
    1045,
    1047,
    1050,
    1054,
    1060,
    1067,
    1070,
    1071,
    1073,
    1074,
    1081,
    1086,
    1087,
    1089,
    1091,
    1092,
    1094,
    1095,
    1097,
    1100,
    1101,
    1103,
    1104,
    1106,
    1110,
    1115,
    1116,
    1119,
    1121,
    1124,
    1127,
    1131,
    1133,
    1135,
    1138,
    1139,
    1144,
    1148,
    1150,
    1154,
    1156,
    1157,
    1158,
    1159,
    1163,
    1167,
    1168,
    1171,
    1175,
    1176,
    1179,
    1181,
    1185,
    1187,
    1189,
    1190,
    1195,
    1196,
    1198,
    1213,
    1214,
    1215,
    1218,
    1220,
    1222,
    1226,
    1228,
    1232,
    1234,
    1237,
    1239,
    1242,
    1245,
    1248,
    1249,
    1251,
    1252,
    1258,
    1262,
    1266,
    1277,
    1288,
    1289,
    1292,
    1294,
    1295,
    1307,
    1308,
    1310,
    1311,
    1315,
    1317,
    1318,
    1327,
    1333,
    1335,
    1338,
    1342,
    1351,
    1352,
    1354,
    1357,
    1361,
    1362,
    1365,
    1366,
    1375,
    1376,
    1390,
    1397,
    1410,
    1411,
    1426,
    1448,
    1449,
    1452,
    1454,
    1455,
    1456,
    1457,
    1466,
    1479,
    1484,
    1492,
    1493,
    1505,
    1509,
    1510,
    1532,
    1533,
    1550,
    1551,
    1552,
    1567,
    1568,
    1574,
    1577,
    1591,
    1594,
    1609,
    1615,
    1617,
    1650,
    1653,
    1654,
    1668,
    1674,
    1675,
    1682,
    1691,
    1703,
    1709,
    1722,
    1763,
    1769,
    1770,
    1771,
    1779,
    1784,
    1802,
    1815,
    1819,
    1840,
    1843,
    1847,
    1867,
    1897,
    1900,
    1904,
    1950,
    1974,
    2019,
    2051,
    2071,
    2085,
    2111,
    2120,
    2126,
    2131,
    2138,
    2142,
    2143,
    2144,
    2178,
    2182,
    2186,
    2191,
    2271,
    2283,
    2300,
    2301,
    2345,
    2350,
    2355,
    2358,
    2361,
    2370,
    2372,
    2373,
    2374,
    2393,
    2394,
    2404,
    2409,
    2412,
    2464,
    2491,
    2515,
    2532,
    2535,
    2538,
    2552,
    2580,
    2591,
    2605,
    2609,
    2636,
    2699,
    2719,
    2726,
    2748,
    2781,
    2783,
    2805,
    2817,
    2881,
    2882,
    2883,
    2886,
    2892,
    2979,
    2994,
    3023,
    3056,
    3076,
    3101,
    3105,
    3151,
    3168,
    3184,
    3221,
    3245,
    3259,
    3264,
    3286,
    3330,
    3333,
    3339,
    3346,
    3358,
    3370,
    3384,
    3385,
    3389,
    3399,
    3420,
    3460,
    3469,
    3515,
    3519,
    3530,
    3597,
    3612,
    3613,
    3694,
    3708,
    3731,
    3733,
    3746,
    3753,
    3760,
    3765,
    3773,
    3778,
    3781,
    3784,
    3800,
    3806,
    3866,
    3928,
    3964,
    3985,
    4030,
    4184,
    4217,
    4227,
    4239,
    4240,
    4262,
    4546,
    4570,
    4638,
    4658,
    4761,
    4812,
    4813,
    4826,
    4851,
    4852,
    4885,
    4916
   ],
   "best sol cost times": [
    0.126067,
    0.148641,
    0.172694,
    0.212729,
    0.23834,
    0.266458,
    0.29712,
    0.328144,
    0.359382,
    0.391049,
    0.421184,
    0.45126,
    0.480569,
    0.516386,
    0.55395,
    0.592156,
    0.628415,
    0.668629,
    0.706515,
    0.749711,
    0.795466,
    0.8368,
    0.877088,
    0.918766,
    0.966891,
    1.008898,
    1.062412,
    1.111914,
    1.157075,
    1.198748,
    1.243105,
    1.288481,
    1.329307,
    1.371065,
    1.407302,
    1.445896,
    1.482512,
    1.521276,
    1.557419,
    1.597437,
    1.635162,
    1.674388,
    1.711532,
    1.751702,
    1.788501,
    1.818927,
    1.850324,
    1.880619,
    1.911327,
    1.941958,
    1.971173,
    2.00037,
    2.033479,
    2.080807,
    2.113279,
    2.143789,
    2.17354,
    2.204567,
    2.237284,
    2.267917,
    2.302677,
    2.337433,
    2.369981,
    2.40353,
    2.446744,
    2.481451,
    2.52285,
    2.564756,
    2.601147,
    2.631844,
    2.663303,
    2.693286,
    2.723934,
    2.754412,
    2.784954,
    2.816138,
    2.850999,
    2.898072,
    2.948177,
    2.989998,
    3.042661,
    3.09613,
    3.126173,
    3.155479,
    3.184507,
    3.214649,
    3.24406,
    3.273211,
    3.304884,
    3.335468,
    3.365499,
    3.396595,
    3.426608,
    3.455199,
    3.484514,
    3.514709,
    3.544895,
    3.574773,
    3.60887,
    3.638699,
    3.668503,
    3.706653,
    3.735801,
    3.765667,
    3.796393,
    3.826857,
    3.857972,
    3.887563,
    3.916974,
    3.945857,
    3.974224,
    4.003468,
    4.038247,
    4.073094,
    4.116051,
    4.146001,
    4.175934,
    4.209836,
    4.239802,
    4.271997,
    4.303188,
    4.339556,
    4.373467,
    4.406177,
    4.438046,
    4.468261,
    4.498016,
    4.529287,
    4.55715,
    4.59169,
    4.620634,
    4.649674,
    4.679141,
    4.708854,
    4.738655,
    4.768381,
    4.797268,
    4.826001,
    4.855672,
    4.887288,
    4.916595,
    4.945903,
    4.976534,
    5.006636,
    5.039123,
    5.077245,
    5.11748,
    5.147961,
    5.181036,
    5.210096,
    5.239682,
    5.268443,
    5.297239,
    5.32833,
    5.366075,
    5.399511,
    5.431627,
    5.463796,
    5.496339,
    5.533379,
    5.566059,
    5.601145,
    5.63405,
    5.671843,
    5.712608,
    5.746017,
    5.781319,
    5.813863,
    5.845,
    5.875976,
    5.904881,
    5.935784,
    5.966289,
    5.99496,
    6.028359,
    6.062128,
    6.098633,
    6.148001,
    6.18732,
    6.221161,
    6.251099,
    6.281581,
    6.312729,
    6.34277,
    6.375171,
    6.410419,
    6.448525,
    6.477409,
    6.509261,
    6.541761,
    6.575608,
    6.610688,
    6.642803,
    6.676512,
    6.712855,
    6.775515,
    6.828171,
    6.885456,
    6.944798,
    6.9947,
    7.035277,
    7.074606,
    7.11237,
    7.154762,
    7.200392,
    7.231243,
    7.26523,
    7.299459,
    7.331473,
    7.363059,
    7.393362,
    7.441296,
    7.486115,
    7.529059,
    7.573748,
    7.61037,
    7.648899,
    7.690532,
    7.733459,
    7.771694,
    7.811268,
    7.851816,
    7.892185,
    7.932665,
    7.970414,
    8.004625,
    8.04564,
    8.09204,
    8.133641,
    8.18182,
    8.230763,
    8.263191,
    8.298838,
    8.337311,
    8.388993,
    8.453212,
    8.502053,
    8.547879,
    8.600027,
    8.663344,
    8.709908,
    8.753067,
    8.795152,
    8.84256,
    8.883632,
    8.923933,
    8.962028,
    9.003534,
    9.047349,
    9.100288,
    9.143081,
    9.193008,
    9.238663,
    9.274554,
    9.310963,
    9.340311,
    9.373597,
    9.402506,
    9.430392,
    9.460371,
    9.490519,
    9.520087,
    9.548644,
    9.584016,
    9.634721,
    9.672466,
    9.73812,
    9.792428,
    9.830686,
    9.878126,
    9.940971,
    10.000826,
    10.062388,
    10.1232,
    10.16796,
    10.213386,
    10.261093,
    10.290375,
    10.319613,
    10.348695,
    10.378404,
    10.40829,
    10.43861,
    10.468946,
    10.501892,
    10.534243,
    10.564193,
    10.597987,
    10.628238,
    10.669587,
    10.707168,
    10.752151,
    10.791268,
    10.830841,
    10.869052,
    10.90693,
    10.958556,
    10.998499,
    11.038506,
    11.078183,
    11.118044,
    11.155064,
    11.192951,
    11.242636,
    11.28974,
    11.333179,
    11.365381,
    11.394893,
    11.431716,
    11.462832,
    11.49431,
    11.523441,
    11.552943,
    11.585746,
    11.6156,
    11.645277,
    11.676213,
    11.706097,
    11.746823,
    11.78829,
    11.824422,
    11.870857,
    11.908004,
    11.94813,
    11.98573,
    12.033629,
    12.078448,
    12.114045,
    12.157659,
    12.196181,
    12.24309,
    12.285238,
    12.31817,
    12.347132,
    12.377505,
    12.406865,
    12.436004,
    12.466396,
    12.507034,
    12.538931,
    12.573277,
    12.611137,
    12.642102,
    12.671663,
    12.701369,
    12.735782,
    12.77844,
    12.818133,
    12.855985,
    12.90248,
    12.942277,
    12.982473,
    13.025187,
    13.085336,
    13.127461,
    13.166529,
    13.210138,
    13.253666,
    13.305293,
    13.338452,
    13.369051,
    13.401,
    13.485287,
    13.641141,
    13.829466,
    13.995789,
    14.174282,
    14.240667,
    14.338457,
    14.469124,
    14.578487,
    14.757739,
    14.844468,
    14.957386,
    15.029242,
    15.121205,
    15.297063,
    15.457076,
    15.581808,
    15.728595,
    15.818384,
    15.872998,
    15.930498,
    15.976108,
    16.01588,
    16.052232,
    16.100856,
    16.181042,
    16.226896,
    16.261338,
    16.301958,
    16.347215,
    16.387875,
    16.428163,
    16.458361,
    16.493434,
    16.549078,
    16.606467,
    16.635513,
    16.665581,
    16.694667,
    16.72364,
    16.755373,
    16.805078,
    16.853623,
    16.903328,
    16.947348,
    16.986013,
    17.01955,
    17.061832,
    17.106416,
    17.157146,
    17.210829,
    17.327777,
    17.369464,
    17.407485,
    17.440681,
    17.472374,
    17.503375,
    17.532891,
    17.560914,
    17.590522,
    17.642509,
    17.706609,
    17.741847,
    17.770905,
    17.801506,
    17.830164,
    17.869828,
    17.904496,
    17.941407,
    17.979884,
    18.024095,
    18.06721,
    18.104369,
    18.151163,
    18.213563,
    18.258901,
    18.2948,
    18.338398,
    18.419243,
    18.454914,
    18.483435,
    18.513257,
    18.541896,
    18.570018,
    18.599493,
    18.627292,
    18.659512,
    18.688013,
    18.716908,
    18.745763,
    18.774606,
    18.805032,
    18.8337,
    18.864233,
    18.905736,
    18.940642,
    19.016762,
    19.053301,
    19.088601,
    19.124175,
    19.158219,
    19.198181,
    19.264032,
    19.330107,
    19.378609,
    19.424005,
    19.465574,
    19.500172,
    19.543355,
    19.599509,
    19.652325,
    19.69159,
    19.72185,
    19.751085,
    19.781392,
    19.810934,
    19.839233,
    19.936366,
    20.015237,
    20.132044,
    20.174721,
    20.211733,
    20.297462,
    20.35148,
    20.4065,
    20.457359,
    20.537917,
    20.605162,
    20.639382,
    20.68734,
    20.733842,
    20.769601,
    20.806506,
    20.836276,
    20.906443,
    20.936537,
    20.985353,
    21.043839,
    21.108448,
    21.193178,
    21.248302,
    21.297389,
    21.36028,
    21.42161,
    21.460742,
    21.491541,
    21.520933,
    21.550888,
    21.57938,
    21.61752,
    21.64702,
    21.676778,
    21.790606,
    21.842496,
    21.902908,
    21.932332,
    21.960996,
    21.990756,
    22.024162,
    22.132427,
    22.16211,
    22.213803,
    22.275778,
    22.359138,
    22.388589,
    22.416713,
    22.446342,
    22.48285,
    22.512043,
    22.543369,
    22.571884,
    22.636199,
    22.665316,
    22.694019,
    22.722769,
    22.755197,
    22.817548,
    22.87998,
    22.92656,
    22.956707,
    22.985982,
    23.014339,
    23.047726,
    23.079792,
    23.108726,
    23.175899,
    23.248173,
    23.287031,
    23.35855,
    23.411146,
    23.448094,
    23.565817,
    23.632904,
    23.673776,
    23.713679,
    23.762008,
    23.791981,
    23.820867,
    23.946883,
    24.019051,
    24.138164,
    24.187973,
    24.245311,
    24.325214,
    24.391421,
    24.443005,
    24.487129,
    24.536362,
    24.575016,
    24.611523,
    24.641868,
    24.673187,
    24.730818,
    24.762966,
    24.792563,
    24.823038,
    24.852652,
    24.91076,
    24.940123,
    25.036896,
    25.074386,
    25.109847,
    25.183972,
    25.257021,
    25.297686,
    25.336363,
    25.422634,
    25.502691,
    25.547843,
    25.58713,
    25.624028,
    25.654973,
    25.748141,
    25.784456,
    25.813809,
    25.84379,
    25.875145,
    25.942216,
    25.976283,
    26.063043,
    26.104457,
    26.151357,
    26.268504,
    26.3308,
    26.37392,
    26.430665,
    26.650158,
    26.741529,
    26.7861,
    26.835147,
    26.897237,
    26.993584,
    27.092345,
    27.132678,
    27.172009,
    27.214357,
    27.25588,
    27.296721,
    27.416352,
    27.467341,
    27.559999,
    27.634486,
    27.670551,
    27.796285,
    27.839219,
    27.874391,
    27.909447,
    27.938882,
    27.970436,
    28.003789,
    28.067174,
    28.101617,
    28.146146,
    28.206471,
    28.264498,
    28.315853,
    28.403578,
    28.44087,
    28.480328,
    28.516019,
    28.553283,
    28.590179,
    28.639683,
    28.675115,
    28.720279,
    28.762513,
    28.831783,
    28.890275,
    28.92431,
    28.986898,
    29.018553,
    29.053641,
    29.084357,
    29.143838,
    29.208472,
    29.254431,
    29.315537,
    29.434001,
    29.535332,
    29.582191,
    29.619842,
    29.695944,
    29.740131,
    29.813746,
    29.843205,
    29.885847,
    29.915864,
    30.006325,
    30.04161,
    30.115444,
    30.15154,
    30.341792,
    30.381738,
    30.468635,
    30.519586,
    30.558348,
    30.630153,
    30.926079,
    30.985536,
    31.168851,
    31.206788,
    31.274856,
    31.381122,
    31.446891,
    31.603836,
    31.688966,
    31.723506,
    31.84709,
    31.99996,
    32.04148,
    32.083168,
    32.499661,
    32.530084,
    32.604263,
    32.682367,
    32.719651,
    32.754283,
    32.913563,
    32.951292,
    33.030577,
    33.073448,
    33.112276,
    33.335945,
    33.36792,
    33.397386,
    33.459192,
    33.628611,
    33.671777,
    33.991665,
    34.079459,
    34.159185,
    34.261489,
    34.326387,
    34.360457,
    34.482541,
    34.525014,
    34.597316,
    34.636962,
    34.669534,
    34.773849,
    34.853029,
    34.887894,
    34.919838,
    34.956567,
    35.31798,
    35.374137,
    35.49576,
    35.544805,
    35.678946,
    35.776694,
    35.806173,
    35.980559,
    36.021949,
    36.072154,
    36.111181,
    36.182198,
    36.256045,
    36.412065,
    36.495777,
    36.535032,
    36.601148,
    36.706498,
    36.740123,
    36.841155,
    36.900575,
    36.930755,
    37.001101,
    37.03951,
    37.112765,
    37.149939,
    37.18314,
    37.21996,
    37.580004,
    37.61987,
    37.797181,
    37.82878,
    37.890474,
    37.923332,
    37.955153,
    37.985401,
    38.059442,
    38.1128,
    38.210148,
    38.246944,
    38.281127,
    38.321506,
    38.360586,
    38.519789,
    38.753787,
    38.872714,
    39.229176,
    39.524982,
    39.66724,
    39.790554,
    39.894518,
    39.9808,
    40.305809000000004,
    40.944396,
    41.222705,
    41.322164,
    41.397196,
    41.857554,
    42.13356,
    42.433196,
    42.542032,
    42.628989,
    42.7049,
    42.753079,
    42.934516,
    43.105109,
    43.247037,
    43.361546,
    43.546703,
    43.617296,
    43.667708,
    43.70767,
    43.845616,
    43.906101,
    44.007819,
    44.063819,
    44.112201,
    44.147231,
    44.465373,
    44.621898,
    44.718829,
    44.748021,
    44.944893,
    45.32238,
    45.430014,
    45.755161,
    45.823965,
    45.892753,
    45.966089,
    46.190284,
    46.29344,
    46.329312,
    46.365019,
    46.40029,
    46.434361,
    46.470066,
    46.586354,
    46.701242,
    46.855045,
    47.092681,
    47.349352,
    47.452418,
    47.485347,
    47.554394,
    47.592422,
    47.872969,
    48.113277,
    48.141803,
    48.200689,
    48.257966,
    48.290137,
    48.372108,
    48.442508,
    48.529915,
    48.731657,
    48.782221,
    48.908505,
    48.974081,
    49.083429,
    49.270923,
    49.424484,
    49.467403,
    49.664573,
    49.769979,
    49.879166,
    50.02528,
    50.19787,
    50.28478,
    50.360047,
    50.470001,
    50.50175,
    50.755905,
    51.019636,
    51.180032,
    51.323409,
    51.470281,
    51.514118,
    51.544375,
    51.574061,
    51.708064,
    51.861582,
    51.89829,
    52.019486,
    52.282753,
    52.389507,
    52.527439,
    52.586604,
    52.732594,
    52.869179,
    52.990478,
    53.043014,
    53.26242,
    53.302104,
    53.428859,
    54.001864,
    54.036635,
    54.069855,
    54.168031,
    54.226868,
    54.299517,
    54.474548,
    54.594464,
    54.731551,
    54.791823,
    54.882908,
    54.943247,
    55.04078,
    55.128251,
    55.215838,
    55.245383,
    55.301006,
    55.329166,
    55.506623,
    55.637626,
    55.763836,
    56.120998,
    56.449865,
    56.478719,
    56.597938,
    56.699665,
    56.748198,
    57.106185,
    57.138916,
    57.201965,
    57.248228,
    57.586924,
    57.704523,
    57.791865,
    58.366309,
    59.037098,
    59.260522,
    59.490371,
    59.781098,
    60.266873,
    60.326772,
    60.481488,
    60.834953,
    61.291048,
    61.452876,
    61.791539,
    61.925728,
    62.444609,
    62.48898,
    63.009852,
    63.288985,
    63.805672,
    63.86599,
    64.413779,
    65.214749,
    65.26147,
    65.418065,
    65.478775,
    65.517616,
    65.547842,
    65.577027,
    65.878436,
    66.597327,
    66.78352,
    67.094637,
    67.137759,
    67.575862,
    67.714657,
    67.764561,
    68.67466,
    68.710169,
    69.59584,
    69.635119,
    69.6713,
    70.242442,
    70.283452,
    70.52154,
    70.643016,
    71.244503,
    71.363086,
    71.930206,
    72.145995,
    72.201793,
    73.480415,
    73.598314,
    73.638597,
    74.191554,
    74.421705,
    74.457511,
    74.707923,
    75.009188,
    75.474117,
    75.683774,
    76.131955,
    77.661705,
    77.926733,
    78.021939,
    78.146132,
    78.534796,
    78.751318,
    79.558681,
    80.010627,
    80.250765,
    81.426541,
    81.526022,
    81.646171,
    82.365885,
    83.455234,
    83.552789,
    83.674667,
    85.283125,
    86.360202,
    88.543849,
    90.016402,
    90.631447,
    91.054173,
    91.984558,
    92.550941,
    92.7907,
    92.966612,
    93.333831,
    93.534637,
    93.574395,
    93.621523,
    94.967784,
    95.131894,
    95.261169,
    95.488639,
    98.831251,
    99.295369,
    100.049308,
    100.096477,
    101.812,
    101.996141,
    102.179761,
    102.280479,
    102.431364,
    102.844572,
    102.924992,
    102.957995,
    102.987199,
    103.679856,
    103.734852,
    104.577249,
    104.819449,
    104.911387,
    106.847464,
    107.854338,
    108.669083,
    109.648015,
    109.797729,
    109.986194,
    110.86119,
    112.142338,
    112.550411,
    112.985037,
    113.1142,
    113.922827,
    115.970096,
    116.645714,
    117.128807,
    117.775912,
    118.662417,
    118.725316,
    119.28645,
    119.64718,
    121.335494,
    121.375064,
    121.435914,
    121.557882,
    121.708755,
    124.117365,
    124.550886,
    125.345851,
    126.218017,
    126.747759,
    127.410961,
    127.547161,
    128.820183,
    129.318377,
    129.986103,
    131.204115,
    131.812929,
    132.336974,
    132.478942,
    133.034645,
    134.272834,
    134.414347,
    134.590018,
    134.772275,
    135.122047,
    135.46158,
    135.818935,
    135.844763,
    135.938179,
    136.231593,
    136.826015,
    138.217503,
    138.461441,
    139.72269,
    139.933052,
    140.207399,
    142.063132,
    142.443402,
    142.467123,
    144.60423,
    144.959317,
    145.596947,
    145.648799,
    145.978781,
    146.153289,
    146.346523,
    146.479181,
    146.696161,
    146.883204,
    146.964162,
    147.035896,
    147.4751,
    147.636786,
    149.220364,
    150.883401,
    152.240346,
    152.936873,
    154.297499,
    158.521971,
    159.433159,
    159.765359,
    160.099459,
    160.125182,
    160.761126,
    168.748923,
    169.37461,
    171.185717,
    171.780416,
    174.437397,
    175.949367,
    175.981472,
    176.324059,
    177.018523,
    177.052403,
    177.962093,
    178.93337
   ],
   "best sol cost values": [
    1632544.0,
    1632406.0,
    1632208.0,
    1632060.0,
    1631587.0,
    1631172.0,
    1630880.0,
    1630710.0,
    1630371.0,
    1630171.0,
    1629789.0,
    1629564.0,
    1629336.0,
    1629101.0,
    1628831.0,
    1628575.0,
    1628225.0,
    1627877.0,
    1627616.0,
    1627251.0,
    1627020.0,
    1626692.0,
    1626067.0,
    1625812.0,
    1625719.0,
    1625569.0,
    1625362.0,
    1625113.0,
    1624928.0,
    1624759.0,
    1624611.0,
    1624426.0,
    1624114.0,
    1623905.0,
    1623693.0,
    1623490.0,
    1623370.0,
    1623194.0,
    1622841.0,
    1622626.0,
    1622506.0,
    1622168.0,
    1622041.0,
    1621899.0,
    1621726.0,
    1621583.0,
    1621421.0,
    1621277.0,
    1621069.0,
    1620981.0,
    1620873.0,
    1620655.0,
    1620528.0,
    1620376.0,
    1620198.0,
    1619965.0,
    1619817.0,
    1619592.0,
    1619427.0,
    1619286.0,
    1619182.0,
    1619013.0,
    1618810.0,
    1618675.0,
    1618436.0,
    1618335.0,
    1618205.0,
    1617954.0,
    1617827.0,
    1617692.0,
    1617562.0,
    1617445.0,
    1617360.0,
    1617285.0,
    1617065.0,
    1616816.0,
    1616647.0,
    1616550.0,
    1616442.0,
    1616348.0,
    1616255.0,
    1616134.0,
    1615973.0,
    1615854.0,
    1615725.0,
    1615614.0,
    1615415.0,
    1615269.0,
    1615156.0,
    1615077.0,
    1614878.0,
    1614761.0,
    1614611.0,
    1614496.0,
    1614260.0,
    1614196.0,
    1614103.0,
    1614033.0,
    1613820.0,
    1613712.0,
    1613619.0,
    1613508.0,
    1613405.0,
    1613214.0,
    1613135.0,
    1613078.0,
    1613012.0,
    1612815.0,
    1612745.0,
    1612617.0,
    1612462.0,
    1612364.0,
    1612293.0,
    1612180.0,
    1612087.0,
    1611994.0,
    1611897.0,
    1611792.0,
    1611735.0,
    1611619.0,
    1611525.0,
    1611475.0,
    1611331.0,
    1611225.0,
    1611092.0,
    1610994.0,
    1610926.0,
    1610863.0,
    1610706.0,
    1610640.0,
    1610527.0,
    1610331.0,
    1610269.0,
    1610117.0,
    1610031.0,
    1609942.0,
    1609868.0,
    1609844.0,
    1609790.0,
    1609729.0,
    1609616.0,
    1609538.0,
    1609467.0,
    1609394.0,
    1609270.0,
    1609115.0,
    1608984.0,
    1608855.0,
    1608732.0,
    1608665.0,
    1608599.0,
    1608492.0,
    1608317.0,
    1608248.0,
    1608164.0,
    1608080.0,
    1607964.0,
    1607843.0,
    1607782.0,
    1607698.0,
    1607601.0,
    1607537.0,
    1607441.0,
    1607346.0,
    1607277.0,
    1607217.0,
    1607142.0,
    1607085.0,
    1607036.0,
    1606982.0,
    1606948.0,
    1606832.0,
    1606751.0,
    1606670.0,
    1606559.0,
    1606465.0,
    1606379.0,
    1606347.0,
    1606275.0,
    1606224.0,
    1606131.0,
    1606025.0,
    1605990.0,
    1605855.0,
    1605753.0,
    1605578.0,
    1605514.0,
    1605457.0,
    1605262.0,
    1605223.0,
    1605089.0,
    1605036.0,
    1604965.0,
    1604915.0,
    1604827.0,
    1604697.0,
    1604589.0,
    1604488.0,
    1604413.0,
    1604382.0,
    1604333.0,
    1604296.0,
    1604254.0,
    1604211.0,
    1604166.0,
    1604099.0,
    1604025.0,
    1604007.0,
    1603903.0,
    1603887.0,
    1603824.0,
    1603742.0,
    1603686.0,
    1603659.0,
    1603607.0,
    1603545.0,
    1603471.0,
    1603369.0,
    1603317.0,
    1603252.0,
    1603196.0,
    1603146.0,
    1603088.0,
    1603024.0,
    1602983.0,
    1602929.0,
    1602921.0,
    1602860.0,
    1602808.0,
    1602760.0,
    1602712.0,
    1602667.0,
    1602629.0,
    1602549.0,
    1602404.0,
    1602312.0,
    1602245.0,
    1602195.0,
    1602130.0,
    1602088.0,
    1602015.0,
    1601974.0,
    1601908.0,
    1601852.0,
    1601764.0,
    1601741.0,
    1601720.0,
    1601682.0,
    1601610.0,
    1601536.0,
    1601472.0,
    1601414.0,
    1601358.0,
    1601284.0,
    1601228.0,
    1601189.0,
    1601114.0,
    1601091.0,
    1601063.0,
    1601031.0,
    1601004.0,
    1600975.0,
    1600916.0,
    1600841.0,
    1600780.0,
    1600718.0,
    1600668.0,
    1600651.0,
    1600564.0,
    1600492.0,
    1600428.0,
    1600396.0,
    1600281.0,
    1600196.0,
    1600156.0,
    1600127.0,
    1600070.0,
    1600004.0,
    1599960.0,
    1599816.0,
    1599758.0,
    1599715.0,
    1599682.0,
    1599633.0,
    1599596.0,
    1599566.0,
    1599520.0,
    1599465.0,
    1599443.0,
    1599418.0,
    1599393.0,
    1599378.0,
    1599349.0,
    1599312.0,
    1599292.0,
    1599257.0,
    1599168.0,
    1599135.0,
    1599127.0,
    1599008.0,
    1598841.0,
    1598784.0,
    1598760.0,
    1598742.0,
    1598690.0,
    1598615.0,
    1598537.0,
    1598505.0,
    1598489.0,
    1598475.0,
    1598473.0,
    1598442.0,
    1598422.0,
    1598398.0,
    1598369.0,
    1598325.0,
    1598267.0,
    1598170.0,
    1598142.0,
    1598094.0,
    1598074.0,
    1598041.0,
    1598030.0,
    1597982.0,
    1597954.0,
    1597917.0,
    1597877.0,
    1597833.0,
    1597801.0,
    1597776.0,
    1597734.0,
    1597711.0,
    1597641.0,
    1597605.0,
    1597524.0,
    1597454.0,
    1597350.0,
    1597331.0,
    1597239.0,
    1597218.0,
    1597203.0,
    1597159.0,
    1597058.0,
    1597019.0,
    1596991.0,
    1596975.0,
    1596878.0,
    1596856.0,
    1596778.0,
    1596752.0,
    1596733.0,
    1596707.0,
    1596675.0,
    1596641.0,
    1596622.0,
    1596598.0,
    1596545.0,
    1596520.0,
    1596472.0,
    1596386.0,
    1596351.0,
    1596324.0,
    1596321.0,
    1596308.0,
    1596258.0,
    1596227.0,
    1596208.0,
    1596147.0,
    1596129.0,
    1596116.0,
    1596090.0,
    1596076.0,
    1596051.0,
    1595992.0,
    1595966.0,
    1595947.0,
    1595898.0,
    1595859.0,
    1595858.0,
    1595838.0,
    1595812.0,
    1595741.0,
    1595730.0,
    1595698.0,
    1595691.0,
    1595680.0,
    1595654.0,
    1595615.0,
    1595602.0,
    1595552.0,
    1595482.0,
    1595474.0,
    1595441.0,
    1595425.0,
    1595355.0,
    1595338.0,
    1595333.0,
    1595300.0,
    1595274.0,
    1595252.0,
    1595231.0,
    1595188.0,
    1595148.0,
    1595123.0,
    1595122.0,
    1595082.0,
    1595048.0,
    1595004.0,
    1594989.0,
    1594969.0,
    1594857.0,
    1594827.0,
    1594798.0,
    1594762.0,
    1594747.0,
    1594717.0,
    1594692.0,
    1594649.0,
    1594636.0,
    1594629.0,
    1594598.0,
    1594590.0,
    1594589.0,
    1594585.0,
    1594560.0,
    1594530.0,
    1594455.0,
    1594409.0,
    1594390.0,
    1594301.0,
    1594288.0,
    1594273.0,
    1594205.0,
    1594198.0,
    1594171.0,
    1594030.0,
    1594013.0,
    1593983.0,
    1593931.0,
    1593873.0,
    1593862.0,
    1593736.0,
    1593658.0,
    1593596.0,
    1593544.0,
    1593530.0,
    1593513.0,
    1593499.0,
    1593473.0,
    1593448.0,
    1593429.0,
    1593413.0,
    1593392.0,
    1593279.0,
    1593190.0,
    1593169.0,
    1593145.0,
    1593105.0,
    1593010.0,
    1592967.0,
    1592942.0,
    1592910.0,
    1592890.0,
    1592868.0,
    1592852.0,
    1592837.0,
    1592805.0,
    1592794.0,
    1592788.0,
    1592787.0,
    1592775.0,
    1592767.0,
    1592741.0,
    1592721.0,
    1592687.0,
    1592635.0,
    1592591.0,
    1592570.0,
    1592550.0,
    1592531.0,
    1592524.0,
    1592502.0,
    1592494.0,
    1592477.0,
    1592446.0,
    1592440.0,
    1592408.0,
    1592402.0,
    1592365.0,
    1592351.0,
    1592338.0,
    1592335.0,
    1592306.0,
    1592297.0,
    1592263.0,
    1592234.0,
    1592177.0,
    1592139.0,
    1592132.0,
    1592124.0,
    1592096.0,
    1592065.0,
    1592064.0,
    1592036.0,
    1591998.0,
    1591953.0,
    1591924.0,
    1591902.0,
    1591854.0,
    1591829.0,
    1591798.0,
    1591786.0,
    1591728.0,
    1591714.0,
    1591694.0,
    1591678.0,
    1591665.0,
    1591650.0,
    1591639.0,
    1591634.0,
    1591551.0,
    1591548.0,
    1591498.0,
    1591487.0,
    1591477.0,
    1591465.0,
    1591432.0,
    1591393.0,
    1591376.0,
    1591365.0,
    1591342.0,
    1591298.0,
    1591296.0,
    1591284.0,
    1591283.0,
    1591249.0,
    1591187.0,
    1591175.0,
    1591154.0,
    1591133.0,
    1591125.0,
    1591099.0,
    1591085.0,
    1591068.0,
    1591042.0,
    1591016.0,
    1591008.0,
    1590993.0,
    1590942.0,
    1590934.0,
    1590932.0,
    1590916.0,
    1590910.0,
    1590877.0,
    1590851.0,
    1590742.0,
    1590717.0,
    1590705.0,
    1590683.0,
    1590668.0,
    1590648.0,
    1590629.0,
    1590620.0,
    1590616.0,
    1590608.0,
    1590601.0,
    1590578.0,
    1590569.0,
    1590497.0,
    1590464.0,
    1590439.0,
    1590426.0,
    1590420.0,
    1590320.0,
    1590312.0,
    1590285.0,
    1590275.0,
    1590257.0,
    1590241.0,
    1590234.0,
    1590232.0,
    1590227.0,
    1590223.0,
    1590200.0,
    1590195.0,
    1590165.0,
    1590127.0,
    1590108.0,
    1590076.0,
    1590057.0,
    1590019.0,
    1589993.0,
    1589967.0,
    1589963.0,
    1589939.0,
    1589825.0,
    1589823.0,
    1589792.0,
    1589783.0,
    1589771.0,
    1589760.0,
    1589683.0,
    1589665.0,
    1589656.0,
    1589633.0,
    1589621.0,
    1589588.0,
    1589465.0,
    1589404.0,
    1589403.0,
    1589402.0,
    1589401.0,
    1589381.0,
    1589356.0,
    1589324.0,
    1589314.0,
    1589283.0,
    1589273.0,
    1589256.0,
    1589220.0,
    1589180.0,
    1589171.0,
    1589166.0,
    1589158.0,
    1589117.0,
    1589113.0,
    1589046.0,
    1589045.0,
    1589042.0,
    1589011.0,
    1588989.0,
    1588966.0,
    1588918.0,
    1588888.0,
    1588886.0,
    1588859.0,
    1588815.0,
    1588800.0,
    1588744.0,
    1588698.0,
    1588670.0,
    1588667.0,
    1588662.0,
    1588591.0,
    1588570.0,
    1588516.0,
    1588446.0,
    1588443.0,
    1588428.0,
    1588393.0,
    1588386.0,
    1588366.0,
    1588364.0,
    1588362.0,
    1588359.0,
    1588336.0,
    1588272.0,
    1588248.0,
    1588193.0,
    1588172.0,
    1588143.0,
    1588134.0,
    1588131.0,
    1588120.0,
    1588109.0,
    1588054.0,
    1588050.0,
    1588037.0,
    1588005.0,
    1587996.0,
    1587991.0,
    1587990.0,
    1587962.0,
    1587930.0,
    1587922.0,
    1587861.0,
    1587848.0,
    1587845.0,
    1587842.0,
    1587798.0,
    1587789.0,
    1587787.0,
    1587772.0,
    1587764.0,
    1587754.0,
    1587605.0,
    1587599.0,
    1587594.0,
    1587587.0,
    1587573.0,
    1587556.0,
    1587555.0,
    1587554.0,
    1587525.0,
    1587509.0,
    1587488.0,
    1587482.0,
    1587433.0,
    1587425.0,
    1587385.0,
    1587369.0,
    1587341.0,
    1587239.0,
    1587237.0,
    1587222.0,
    1587212.0,
    1587204.0,
    1587194.0,
    1587167.0,
    1587161.0,
    1587141.0,
    1587113.0,
    1587111.0,
    1587084.0,
    1587076.0,
    1587055.0,
    1587052.0,
    1587032.0,
    1587018.0,
    1587005.0,
    1586992.0,
    1586951.0,
    1586949.0,
    1586940.0,
    1586938.0,
    1586935.0,
    1586920.0,
    1586908.0,
    1586886.0,
    1586885.0,
    1586880.0,
    1586838.0,
    1586836.0,
    1586823.0,
    1586808.0,
    1586787.0,
    1586784.0,
    1586782.0,
    1586776.0,
    1586769.0,
    1586709.0,
    1586690.0,
    1586675.0,
    1586660.0,
    1586636.0,
    1586634.0,
    1586627.0,
    1586556.0,
    1586537.0,
    1586518.0,
    1586516.0,
    1586515.0,
    1586480.0,
    1586471.0,
    1586443.0,
    1586439.0,
    1586421.0,
    1586399.0,
    1586366.0,
    1586351.0,
    1586349.0,
    1586330.0,
    1586241.0,
    1586237.0,
    1586229.0,
    1586202.0,
    1586161.0,
    1586128.0,
    1586104.0,
    1586075.0,
    1586068.0,
    1586058.0,
    1586030.0,
    1586027.0,
    1586026.0,
    1586021.0,
    1586010.0,
    1585987.0,
    1585982.0,
    1585981.0,
    1585967.0,
    1585945.0,
    1585923.0,
    1585918.0,
    1585917.0,
    1585882.0,
    1585811.0,
    1585795.0,
    1585789.0,
    1585781.0,
    1585776.0,
    1585765.0,
    1585721.0,
    1585698.0,
    1585661.0,
    1585647.0,
    1585622.0,
    1585618.0,
    1585612.0,
    1585606.0,
    1585582.0,
    1585551.0,
    1585520.0,
    1585499.0,
    1585486.0,
    1585482.0,
    1585462.0,
    1585460.0,
    1585457.0,
    1585392.0,
    1585338.0,
    1585323.0,
    1585304.0,
    1585283.0,
    1585251.0,
    1585204.0,
    1585198.0,
    1585196.0,
    1585192.0,
    1585188.0,
    1585183.0,
    1585172.0,
    1585171.0,
    1585166.0,
    1585146.0,
    1585133.0,
    1585096.0,
    1585052.0,
    1585031.0,
    1585007.0,
    1584980.0,
    1584968.0,
    1584963.0,
    1584961.0,
    1584938.0,
    1584858.0,
    1584806.0,
    1584787.0,
    1584750.0,
    1584733.0,
    1584722.0,
    1584713.0,
    1584687.0,
    1584648.0,
    1584645.0,
    1584620.0,
    1584589.0,
    1584588.0,
    1584584.0,
    1584581.0,
    1584574.0,
    1584564.0,
    1584559.0,
    1584524.0,
    1584510.0,
    1584490.0,
    1584483.0,
    1584452.0,
    1584434.0,
    1584422.0,
    1584417.0,
    1584404.0,
    1584402.0,
    1584373.0,
    1584369.0,
    1584346.0,
    1584309.0,
    1584295.0,
    1584281.0,
    1584280.0,
    1584279.0,
    1584271.0,
    1584255.0,
    1584246.0,
    1584226.0,
    1584204.0,
    1584202.0,
    1584198.0,
    1584185.0,
    1584166.0,
    1584136.0,
    1584126.0,
    1584120.0,
    1584108.0,
    1584054.0,
    1584047.0,
    1584040.0,
    1584026.0,
    1584019.0,
    1584012.0,
    1584009.0,
    1583955.0,
    1583950.0,
    1583945.0,
    1583929.0,
    1583928.0,
    1583919.0,
    1583854.0,
    1583823.0,
    1583820.0,
    1583811.0,
    1583802.0,
    1583758.0,
    1583734.0,
    1583733.0,
    1583713.0,
    1583712.0,
    1583709.0,
    1583696.0,
    1583682.0,
    1583678.0,
    1583672.0,
    1583663.0,
    1583656.0,
    1583650.0,
    1583635.0,
    1583623.0,
    1583606.0,
    1583569.0,
    1583545.0,
    1583540.0,
    1583535.0,
    1583525.0,
    1583514.0,
    1583493.0,
    1583488.0,
    1583477.0,
    1583432.0,
    1583415.0,
    1583388.0,
    1583384.0,
    1583362.0,
    1583326.0,
    1583317.0,
    1583298.0,
    1583286.0,
    1583256.0,
    1583231.0,
    1583229.0,
    1583228.0,
    1583221.0,
    1583211.0,
    1583199.0,
    1583196.0,
    1583184.0,
    1583183.0,
    1583167.0,
    1583152.0,
    1583143.0,
    1583131.0,
    1583074.0,
    1583070.0,
    1583056.0,
    1583039.0,
    1583026.0,
    1582992.0,
    1582974.0,
    1582973.0,
    1582955.0,
    1582948.0,
    1582908.0,
    1582906.0,
    1582904.0,
    1582901.0,
    1582889.0,
    1582842.0,
    1582816.0,
    1582813.0,
    1582810.0,
    1582796.0,
    1582795.0,
    1582776.0,
    1582773.0,
    1582771.0,
    1582764.0,
    1582749.0,
    1582748.0,
    1582722.0,
    1582721.0,
    1582704.0,
    1582697.0,
    1582693.0,
    1582658.0,
    1582650.0,
    1582646.0,
    1582623.0,
    1582582.0,
    1582574.0,
    1582537.0,
    1582533.0,
    1582529.0,
    1582523.0,
    1582515.0,
    1582509.0,
    1582492.0,
    1582490.0,
    1582489.0,
    1582483.0,
    1582469.0,
    1582431.0,
    1582430.0,
    1582422.0,
    1582418.0,
    1582413.0,
    1582405.0,
    1582318.0,
    1582289.0,
    1582282.0,
    1582281.0,
    1582270.0,
    1582267.0,
    1582264.0,
    1582243.0,
    1582223.0,
    1582217.0,
    1582212.0,
    1582204.0,
    1582201.0,
    1582188.0,
    1582180.0,
    1582159.0,
    1582138.0,
    1582128.0,
    1582117.0,
    1582073.0,
    1582065.0,
    1582046.0,
    1582027.0,
    1582026.0,
    1581976.0,
    1581972.0,
    1581971.0,
    1581965.0,
    1581959.0,
    1581954.0,
    1581945.0,
    1581930.0,
    1581907.0,
    1581890.0,
    1581875.0,
    1581760.0,
    1581738.0,
    1581729.0,
    1581718.0,
    1581697.0,
    1581691.0,
    1581678.0,
    1581676.0,
    1581664.0,
    1581660.0,
    1581649.0,
    1581628.0,
    1581588.0,
    1581572.0,
    1581570.0,
    1581561.0,
    1581526.0,
    1581524.0,
    1581517.0,
    1581515.0,
    1581470.0,
    1581464.0,
    1581446.0,
    1581414.0,
    1581325.0,
    1581324.0,
    1581317.0,
    1581293.0,
    1581291.0,
    1581288.0,
    1581280.0,
    1581269.0,
    1581228.0,
    1581217.0,
    1581201.0,
    1581190.0,
    1581159.0,
    1581155.0,
    1581144.0,
    1581142.0,
    1581141.0,
    1581131.0,
    1581117.0,
    1581115.0,
    1581113.0,
    1581061.0,
    1581042.0,
    1581024.0,
    1581011.0,
    1580987.0,
    1580961.0,
    1580951.0,
    1580942.0,
    1580905.0,
    1580902.0,
    1580899.0,
    1580889.0,
    1580877.0,
    1580872.0,
    1580857.0,
    1580853.0,
    1580852.0,
    1580812.0,
    1580791.0,
    1580778.0,
    1580751.0,
    1580733.0,
    1580701.0,
    1580697.0,
    1580685.0,
    1580679.0,
    1580671.0,
    1580654.0,
    1580653.0,
    1580650.0,
    1580628.0,
    1580617.0,
    1580597.0,
    1580560.0,
    1580550.0,
    1580536.0,
    1580527.0
   ],
   "execution time": 181.46783383200003,
   "final cost": 1580527.0,
   "final error": 0.47314701567112755,
   "finished_at": "2024-11-03T04:05:14.116789190",
   "initial sol cost": 1632806.0,
   "initial solutions build time": 0.30299604,
   "mean percent of select next node calls recorded every ith iter": 20,
   "mean percent of select next node calls values": [
    0.13,
    0.9,
    0.89,
    0.88,
    0.89,
    0.91,
    0.91,
    0.95,
    0.93,
    0.9,
    0.91,
    0.95,
    0.92,
    0.92,
    0.94,
    0.9,
    0.95,
    0.94,
    0.96,
    0.92,
    0.92,
    0.93,
    0.97,
    0.96,
    0.92,
    0.94,
    0.93,
    0.94,
    0.94,
    0.94,
    0.94,
    0.93,
    0.92,
    0.93,
    0.97,
    0.95,
    0.92,
    0.93,
    0.97,
    0.91,
    0.92,
    0.94,
    0.95,
    0.95,
    0.93,
    0.91,
    0.91,
    0.92,
    0.91,
    0.97,
    0.96,
    0.95,
    0.94,
    0.94,
    0.95,
    0.92,
    0.94,
    0.92,
    0.95,
    0.93,
    0.96,
    0.96,
    0.91,
    0.95,
    0.94,
    0.94,
    0.95,
    0.95,
    0.93,
    0.93,
    0.95,
    0.9,
    0.91,
    0.97,
    0.91,
    0.96,
    0.92,
    0.96,
    0.93,
    0.93,
    0.96,
    0.96,
    0.95,
    0.96,
    0.94,
    0.96,
    0.96,
    0.95,
    0.94,
    0.96,
    0.92,
    0.94,
    0.94,
    0.92,
    0.96,
    0.94,
    0.93,
    0.91,
    0.94,
    0.97,
    0.91,
    0.95,
    0.93,
    0.95,
    0.94,
    0.93,
    0.92,
    0.93,
    0.95,
    0.93,
    0.97,
    0.93,
    0.92,
    0.95,
    0.94,
    0.93,
    0.95,
    0.95,
    0.94,
    0.94,
    0.92,
    0.95,
    0.94,
    0.93,
    0.94,
    0.95,
    0.96,
    0.95,
    0.93,
    0.97,
    0.95,
    0.93,
    0.95,
    0.96,
    0.95,
    0.94,
    0.93,
    0.95,
    0.93,
    0.95,
    0.94,
    0.91,
    0.92,
    0.95,
    0.93,
    0.93,
    0.97,
    0.96,
    0.93,
    0.91,
    0.96,
    0.93,
    0.95,
    0.99,
    0.97,
    0.96,
    0.97,
    0.95,
    0.93,
    0.95,
    0.96,
    0.94,
    0.95,
    0.97,
    0.93,
    0.97,
    0.94,
    0.91,
    0.96,
    0.95,
    0.97,
    0.96,
    0.94,
    0.95,
    0.93,
    0.94,
    0.94,
    0.94,
    0.95,
    0.95,
    0.93,
    0.94,
    0.94,
    0.93,
    0.96,
    0.96,
    0.97,
    0.94,
    0.97,
    0.93,
    0.94,
    0.96,
    0.94,
    0.95,
    0.96,
    0.95,
    0.96,
    0.96,
    0.96,
    0.93,
    0.97,
    0.96,
    0.94,
    0.95,
    0.94,
    0.97,
    0.93,
    0.96,
    0.93,
    0.94,
    0.93,
    0.98,
    0.96,
    0.96,
    0.93,
    0.93,
    0.95,
    0.97,
    0.93,
    0.96,
    0.95,
    0.94,
    0.98,
    0.94,
    0.95,
    0.93,
    0.95,
    0.95,
    0.94,
    0.94,
    0.95,
    0.93,
    0.94,
    0.96,
    0.95,
    0.95,
    0.94,
    0.91,
    0.98,
    0.95,
    0.95,
    0.96,
    0.96,
    0.96,
    0.94,
    0.93,
    0.92,
    0.92,
    0.95,
    0.96
   ],
   "pher_deposition_time": 4.305493269001943,
   "sol cost mean recorded every ith iter": 20,
   "sol cost mean values": [
    1633025.9,
    1627716.2,
    1623091.9,
    1619767.2,
    1616866.6,
    1614219.4,
    1612143.9,
    1610249.4,
    1608253.8,
    1606788.2,
    1604962.7,
    1603827.4,
    1602633.7,
    1601624.8,
    1600400.0,
    1599559.5,
    1598655.8,
    1597774.4,
    1596978.3,
    1596412.9,
    1595810.8,
    1595271.8,
    1594518.3,
    1593685.9,
    1593166.8,
    1592887.4,
    1592322.4,
    1591974.6,
    1591624.1,
    1591200.7,
    1590866.8,
    1590539.1,
    1590063.4,
    1589786.7,
    1589410.6,
    1588986.1,
    1588628.3,
    1588456.7,
    1588199.0,
    1588105.9,
    1587820.2,
    1587735.4,
    1587547.0,
    1587411.3,
    1587294.7,
    1587093.0,
    1586938.2,
    1586578.0,
    1586522.6,
    1586329.8,
    1586079.1,
    1586062.6,
    1585814.1,
    1585732.3,
    1585588.3,
    1585345.1,
    1585168.1,
    1585113.2,
    1584968.8,
    1584905.7,
    1584779.3,
    1584781.9,
    1584583.9,
    1584441.4,
    1584422.8,
    1584331.7,
    1584294.5,
    1584226.3,
    1584157.2,
    1584040.7,
    1584040.4,
    1583915.8,
    1583912.3,
    1583811.0,
    1583777.2,
    1583813.3,
    1583724.6,
    1583703.3,
    1583648.8,
    1583585.3,
    1583545.2,
    1583512.2,
    1583527.3,
    1583473.2,
    1583431.2,
    1583429.2,
    1583395.8,
    1583367.8,
    1583378.1,
    1583350.2,
    1583284.7,
    1583259.8,
    1583268.1,
    1583200.3,
    1583196.9,
    1583170.0,
    1583168.6,
    1583131.1,
    1583155.9,
    1583149.5,
    1583099.9,
    1583125.8,
    1583100.1,
    1583114.2,
    1583092.7,
    1583091.1,
    1583046.6,
    1583023.1,
    1583064.0,
    1583010.4,
    1582907.3,
    1582877.4,
    1582889.9,
    1582876.0,
    1582894.3,
    1582899.8,
    1582877.3,
    1582903.5,
    1582817.1,
    1582807.6,
    1582730.2,
    1582729.6,
    1582674.0,
    1582658.5,
    1582631.1,
    1582632.6,
    1582687.9,
    1582607.4,
    1582583.6,
    1582600.7,
    1582575.7,
    1582573.1,
    1582531.4,
    1582523.9,
    1582524.4,
    1582514.0,
    1582471.9,
    1582381.3,
    1582315.8,
    1582362.5,
    1582326.2,
    1582309.9,
    1582306.8,
    1582270.3,
    1582298.3,
    1582322.9,
    1582292.7,
    1582264.2,
    1582289.2,
    1582254.1,
    1582207.8,
    1582204.5,
    1582206.2,
    1582200.5,
    1582149.3,
    1582204.6,
    1582125.4,
    1582127.3,
    1582158.8,
    1582144.6,
    1582071.6,
    1582090.8,
    1582091.3,
    1582045.5,
    1581947.5,
    1581993.2,
    1581954.0,
    1581929.2,
    1581916.2,
    1581908.7,
    1581824.9,
    1581845.9,
    1581757.1,
    1581758.5,
    1581747.0,
    1581749.1,
    1581775.7,
    1581749.6,
    1581799.2,
    1581723.8,
    1581736.4,
    1581717.1,
    1581755.9,
    1581715.5,
    1581741.4,
    1581676.8,
    1581664.1,
    1581634.5,
    1581596.6,
    1581511.5,
    1581552.7,
    1581523.4,
    1581473.6,
    1581462.9,
    1581483.8,
    1581445.2,
    1581506.8,
    1581503.2,
    1581461.8,
    1581454.3,
    1581417.5,
    1581426.6,
    1581360.2,
    1581423.9,
    1581366.3,
    1581431.0,
    1581411.9,
    1581393.9,
    1581371.8,
    1581389.5,
    1581431.7,
    1581385.5,
    1581300.1,
    1581345.3,
    1581306.0,
    1581283.0,
    1581311.6,
    1581310.3,
    1581302.8,
    1581330.7,
    1581348.5,
    1581299.8,
    1581321.9,
    1581306.0,
    1581303.1,
    1581301.6,
    1581296.6,
    1581306.8,
    1581294.5,
    1581263.3,
    1581281.8,
    1581289.0,
    1581283.6,
    1581250.6,
    1581248.7,
    1581288.5,
    1581254.6,
    1581239.4,
    1581265.8,
    1581290.3,
    1581276.4,
    1581222.0,
    1581206.0,
    1581199.4,
    1581158.7,
    1581169.3,
    1581122.7,
    1581126.7,
    1581119.3,
    1581150.2
   ],
   "sol cost stdev recorded every ith iter": 20,
   "sol cost stdev values": [
    204.2,
    411.5,
    419.0,
    433.0,
    475.7,
    445.6,
    448.8,
    460.4,
    475.7,
    521.3,
    533.3,
    490.1,
    477.1,
    554.1,
    525.0,
    484.2,
    478.9,
    490.9,
    469.5,
    501.7,
    492.3,
    516.5,
    503.3,
    493.2,
    505.7,
    507.8,
    497.7,
    534.9,
    489.3,
    463.1,
    563.9,
    494.8,
    500.7,
    523.7,
    479.1,
    577.2,
    599.3,
    544.7,
    491.0,
    509.7,
    527.1,
    502.8,
    522.4,
    490.5,
    523.0,
    577.2,
    507.6,
    503.8,
    529.9,
    550.7,
    526.4,
    517.4,
    561.0,
    511.0,
    522.9,
    534.1,
    519.3,
    532.1,
    549.1,
    530.4,
    543.3,
    601.8,
    546.8,
    521.7,
    523.1,
    541.8,
    582.8,
    547.0,
    496.7,
    515.1,
    547.5,
    505.1,
    497.9,
    504.1,
    495.8,
    593.9,
    536.7,
    593.1,
    523.4,
    529.0,
    499.6,
    552.5,
    562.9,
    542.6,
    605.6,
    544.6,
    537.1,
    548.4,
    516.8,
    577.6,
    473.6,
    514.8,
    500.3,
    522.2,
    523.5,
    539.4,
    538.5,
    514.6,
    511.9,
    545.1,
    538.5,
    575.6,
    510.8,
    514.1,
    477.4,
    503.7,
    515.2,
    502.7,
    552.3,
    515.4,
    541.0,
    517.0,
    536.9,
    503.4,
    526.1,
    546.8,
    543.7,
    567.6,
    539.5,
    565.1,
    503.5,
    637.4,
    519.3,
    506.3,
    510.4,
    535.1,
    586.5,
    551.8,
    576.5,
    551.7,
    576.2,
    541.7,
    522.7,
    575.8,
    536.8,
    603.8,
    544.5,
    547.9,
    545.4,
    524.5,
    495.2,
    574.2,
    513.9,
    511.8,
    497.3,
    593.2,
    573.5,
    546.5,
    563.3,
    564.4,
    522.5,
    539.1,
    545.6,
    512.2,
    525.7,
    562.2,
    560.7,
    540.1,
    564.6,
    566.5,
    484.4,
    563.8,
    560.6,
    530.0,
    524.9,
    573.4,
    539.3,
    523.2,
    544.8,
    558.8,
    528.0,
    560.2,
    518.7,
    500.2,
    516.0,
    488.5,
    535.1,
    499.1,
    594.3,
    541.0,
    525.0,
    538.7,
    540.8,
    518.1,
    509.4,
    532.2,
    521.2,
    587.4,
    577.4,
    583.2,
    557.3,
    557.6,
    524.7,
    533.7,
    566.7,
    530.3,
    523.5,
    542.9,
    537.5,
    528.0,
    540.6,
    515.2,
    469.0,
    574.4,
    515.6,
    551.2,
    525.4,
    539.4,
    506.5,
    498.2,
    543.1,
    566.9,
    524.6,
    552.5,
    521.0,
    503.7,
    545.7,
    580.8,
    559.0,
    560.5,
    594.5,
    528.0,
    533.5,
    553.7,
    520.2,
    524.9,
    518.7,
    526.8,
    541.9,
    539.4,
    538.0,
    551.9,
    548.2,
    561.4,
    573.7,
    565.3,
    515.9,
    518.3,
    540.6,
    517.8,
    576.7,
    492.2,
    536.7,
    562.5,
    534.6,
    538.3,
    482.0,
    506.7,
    530.1,
    561.5
   ],
   "started_at": "2024-11-03T04:02:12.648783087"
  }
 ],
 "nn and backup lists calc time": 0.9723765280000001,
 "trial max cost": 1580527,
 "trial max error": 0.47314701567112755,
 "trial mean cost": 1580527.0,
 "trial mean error": 0.47314701567112755,
 "trial min cost": 1580527,
 "trial min error": 0.47314701567112755,
 "trial time": 181.468142016
}